:10000000F01F0010D99A0000D79A0000D79A00007C
:10001000D79A0000D79A0000D79A0000000000008D
:10002000000000000000000000000000D79A00005F
:10003000D79A000000000000D79A0000AD7B0000B6
:100040009179000091790000917900009179000088
:100050009179000091790000917900009179000078
:100060009179000091790000917900009179000068
:1000700091790000D59A0000D59A0000C1000000D7
:10008000497C0000617C0000797C0000917C0000CC
:10009000D59A0000057D0000D59A0000D59A000091
:1000A000D59A0000D59A0000D59A0000D59A000094
:1000B000D59A0000D59A0000D59A0000D59A000084
:1000C000594A10B5136801331360584B584A1B68DE
:1000D000DBB2302B00D176E018D8182B5AD005D8D7
:1000E000082B37D0102B46D0082351E0202B00D10D
:1000F0007AE0282BF8D14F4B4F491868096888429D
:1001000052D21968481C18604C4B48E0482B00D16B
:100110006AE00AD8382B60D0402BE5D1484B1968EB
:10012000042301295DD11360DEE7502B66D0582BE4
:10013000DAD14448444B1B680168DBB24C1C0460B4
:10014000424843540221424BFF3119608023F13968
:10015000DB0530E00021374B19601968481C186036
:10016000364B5B5C3849DBB20B60282313600122FD
:10017000374B1A6010BD0021324B19602D490B68B6
:10018000581C08602D49CB5C2F49DBB20B6028233B
:100190001360EFE727490B68581C086027495B5C30
:1001A0002949DBB20B609FE7254B19688023DB05EB
:1001B000002902D02021196096E702202449FF304F
:1001C00008601021F7E780231021DB051960082360
:1001D000136081221E4B5200CBE782211C4B490049
:1001E000E9E78021C905DDE780231021DB051960DF
:1001F000082313600422164BFF32BAE71149124B51
:100200001B680868DBB2441C0C60104C23540C4B78
:100210001B680868013B0421834202D98023DB0567
:10022000C9E7116060E7C0463C1E001004000040B2
:1002300018000040381E0010301E0010081E00106C
:100240001C1E0010341E001008000040201E00106C
:10025000181E001002231B4A70B511681A4D0B437B
:1002600013602023194A040011680B431360184BD4
:100270001A682A401A600122186810431860154B4A
:1002800019682940196019680A431A606C22124BD8
:1002900012491A60124B186809F0D2FC114B186011
:1002A000114B1860022C02D1A022104B1A60802240
:1002B0000F4B12021A6080234022DB0501201A60D6
:1002C00070BDC04604800440F8FCFFFF80800440FD
:1002D000304004403440044018000040400D03000A
:1002E000381C001014000040100000400C000040BA
:1002F00000E100E00000000000000000000000003D
:100300000122F8B508210600100007F08FFA072433
:10031000082700223900012007F088FA3200012561
:100320002241022100202A4007F080FA2A003900E9
:10033000280007F07BFA013CEBD2F8BD70470000C3
:1003400007490B889808DA0842405A40580950403B
:100350000122D3401040C003184308807047C046B4
:100360003400001003000520F0B5203B5843204B1B
:1003700000261F788423534385B002931D4BC31876
:100380000393039B985D0400002A01D04400E4B26B
:10039000194B05099C465D5D0F23184063461B5CA5
:1003A0002D021D432DB26B006D04280E01907818AC
:1003B000C0B28446DBB2614514D002980D180F48D4
:1003C0002D18002009E0022F03D1019C002800D144
:1003D0001C0001302C70C0B284358742F3D101314A
:1003E000C9B2E8E70136052ECBD105B0F0BDC04655
:1003F000260000105DBF000070BE000080130010DA
:10040000F8B504000D00160006272078002800D15A
:10041000F8BD29003200FFF7A5FF034B013419781E
:1004200079436D18EDB2F0E726000010F8B506002C
:100430000C0017003078002800D1F8BD0A4B1D7859
:100440002E280AD1641BE4B23A002100FFF78AFF8C
:10045000AD006419E4B20136ECE73A002100FFF781
:1004600081FF06235D43F4E7260000100F2313B538
:1004700003405724092B00D8273C1B196C46637195
:10048000572403099F2800D8273C68461B1903718D
:1004900001A8FFF7B5FF13BD03001A781900013357
:1004A000202AFAD00023CA5CC2540133002AFAD1B0
:1004B000704700008423CA085343181807231940C3
:1004C000063B8B40024A115C0B4313547047C046F5
:1004D0008013001070B50D0004000A21280009F0F7
:1004E000ABFB303120236170092D0AD90A21280085
:1004F00009F01CFB0A21C0B209F09EFB0B0030334F
:10050000DBB2237070BD0000F7B519001E4B04006C
:100510001B7810001027002B00D1063F0023019309
:10052000994206DA0B000200002150429941012352
:10053000019325003A000023009509F0ABFC8C469E
:10054000D1B203005720092900D82738091800988C
:100550006A1C01706146180015000B43EAD1019B2B
:10056000002B03D02D231370009A02320021531E5A
:100570001170A34200D8F7BD1A782178013B597059
:1005800022700134F5E7C0460B040010F7B51022C5
:10059000134B05001B780192002B01D10A33019304
:1005A000002000212B78002B01D103B0F0BD1C00EE
:1005B000303CE4B2092C06D91A00613A1C00052A25
:1005C00001D8573CE4B202000B000198002109F069
:1005D00085FC26000027013580197941E2E7C046F5
:1005E0000B04001030B514001D0087B00B00020092
:1005F00001A8FFF789FF2A00210001A8FFF700FFEB
:1006000007B030BDF0B587B00400019103AE0028FB
:100610000AD13023012533702B00019A002B19D108
:10062000019B581907B0F0BD00250A2720003900AA
:10063000009509F001FB009B3031F1542000390096
:10064000009409F073FA009B01350400EDB2092B08
:10065000ECD8E1E7013BDBB2F15C11700132DDE780
:10066000074A1378002B08D0013BDBB21370054A10
:10067000DB00D31818685968704700200021FBE799
:100680005402001058020010034A1378591C1170CC
:10069000024A5B00D0527047490100104A01001025
:1006A0000020054A1378834205D0013BDBB213706A
:1006B000024A5B00985A7047490100104A01001035
:1006C0000023034A1370034A1370034A13707047E0
:1006D000990200101A03001008040010034A13784E
:1006E000002B01D0013B13707047C0461A03001065
:1006F00030B5074B020019780023064CD8B281426E
:1007000001D8FF2003E00133E55C9542F6D130BD0E
:1007100072100010721000108021064A0901013089
:10072000135CFF2B01D180B270478842F7D30020C1
:10073000FAE7C0465604001070B504000020064DCC
:10074000002C03D0013CE4B2A84202D9013080B2AF
:1007500070BDFFF7E1FFF3E7FE07000010B5044BA3
:1007600018780138C0B2FFF7E7FFFFF7D5FF10BDDB
:100770007210001010B5024B1888FFF785FF10BDEE
:10078000560C00100022014B1A70704754020010E2
:100790000D488021038830B51A0000240125090185
:1007A0008A420DD300228B4200D8CA1A9B189BB2F2
:1007B000002C00D00380054A1378013B137030BD34
:1007C00001322C0092B2EBE7560C001074010010BD
:1007D000024A1378013B13707047C0467401001041
:1007E000054B064A1B781178123BDBB2994200D1C7
:1007F000002313707047C0462A04001050030010F5
:10080000024A137859424B41137070470B04001091
:100810000122014B1A7070472004001010B5054BDF
:10082000054C197820784B1EC01809F0EFFA21709A
:1008300010BDC046721000104C02001010B5054BE0
:10084000054C197820784B1EC01809F0DFFA21708A
:1008500010BDC046721000105404001003230B405A
:10086000890841333131037041707047074A0020D5
:1008700013780021002B07D0013BDBB21370044A30
:10088000DB00D318186859687047C046EA1A001090
:10089000F01A0010012330B500200A241D00084A78
:1008A000084912780B80002A03D1002800D00B8061
:1008B00030BD6343013A28009BB2D2B2F3E7C04691
:1008C000E91A001044020010F7B50D4B01251B7802
:1008D000002401930B4B0C4E1A78032353439D4085
:1008E000EF17019BA34200D1F7BD306871682A0061
:1008F0003B0009F0CFFA013403C6E4B2F1E7C04689
:10090000EA1A0010E91A0010F01A0010034A04490C
:10091000137809785B1813707047C04648010010BF
:1009200079110010034A044B11781B780B401370A7
:100930007047C0464801001079110010024A137830
:10094000013313707047C04648010010024A137803
:10095000013B13707047C0464801001010B5044BAE
:10096000044C1978207809F0E1F8207010BDC046D9
:1009700079110010480100103C22034B1B789B00AA
:100980001340024A13707047F60100102400001053
:1009900010B5044B044C1978207809F04DF92170FA
:1009A00010BDC0467911001048010010034A0449E7
:1009B000137809784B4313707047C0464801001004
:1009C000791100100F200449044A0B7812781B019A
:1009D000024013430B70704748010010F6010010ED
:1009E00070470000024A1378DB4313707047C0461B
:1009F00048010010024B1A78024B1A707047C0462B
:100A00004801001038020010034A0449137809789D
:100A10000B4313707047C046480100107911001055
:100A20000720044A044912780B78024093400B7067
:100A30007047C046F6010010480100100720044A24
:100A4000044912780B78024013410B707047C0467E
:100A5000F601001048010010034A04491378097890
:100A60005B1A13707047C0464801001079110010DE
:100A7000034A044B11781878197010707047C046FB
:100A80004801001079110010034A044913780978CD
:100A90004B4013707047C046480100107911001098
:100AA0003F22044B1B781340034A1178034AD15468
:100AB0007047C046F601001048010010F701001011
:100AC0003F22044B1B781340034AD25C034B1A703D
:100AD0007047C046F6010010F701001048010010F1
:100AE00026490300820908703FD102090120002A2B
:100AF00031D00E300340012A2ED10D38002B2AD0E0
:100B00000330012B27D00130022B24D00130032BDE
:100B100021D00130042B1ED00130052B1BD0013019
:100B2000062B18D00130072B15D00330082B12D01C
:100B30000130092B0FD001300A2B0CD001300B2BC8
:100B400009D002300C2B06D001300D2B03D0013020
:100B50000E2B00D0023070471620022AFBD110382D
:100B60009842804140420C30F5E70320012AF2D040
:100B70000130022AEFD00E30EDE7C046F60100103A
:100B800070B50D0014000321FFF7ECFB23002800D3
:100B900009220021FFF726FD084E2200705D182172
:100BA000FFF764FC705DFFF79BFF054B80002200A0
:100BB0002721C058FFF724FC70BDC046F701001084
:100BC00048BC00008022030008485200002B05D0DA
:100BD0000178002902D0013A002A00D17047013083
:100BE0000A29F3D1013BDBB2F0E7C0463600001022
:100BF000802305485B000278002A02D0013B002BCD
:100C000000D170470130F6E73600001000231800CD
:100C10000649CA5C002A01D0FF2B00D170470A2A7E
:100C200001D10130C0B20133F3E7C04636000010F5
:100C300010B5084B08491A7801235C5CD8B294427D
:100C400002D90138C0B210BD01330E2BF5D10020FE
:100C5000F9E7C0465403001028C6000010B5104B39
:100C60000322187800210123FFF7BCFC0122152183
:100C70008C20FFF777FB0B4B1B2218680123C11751
:100C8000FFF7B0FC012233218F20FFF76BFB064BEF
:100C9000392218680123C117FFF7A4FC10BDC04614
:100CA000280400107001001058030010F7B5174B0E
:100CB000174A1C78019023019B5A200000932100C1
:100CC00000231588009EB54209D98C4206D00F0139
:100CD000BC4666460E4FF65BAE4200D91900009E38
:100CE000B54206D284420ED0094F0601F65BAE42F1
:100CF00009D30133DBB21032762BE2D1019B002BFA
:100D000000D10800FEBD1800F3E7C04678110010BE
:100D100020D00000F0B585B0022829D1042100229E
:100D20008C460192524E0324083615E008790028BB
:100D300008D10F78002F05D0019B0F710133DBB272
:100D400008700193013DEDB20131002DEED1013C5F
:100D5000E4B2043E944202D931006546E6E701322E
:100D6000D2B2032ADED1019B5A1E9341D8B254E07D
:100D7000042822D1002201921CE0CF78002F08D154
:100D80008B78002B05D0CB70019B8F700133DBB2C9
:100D90000193013DEDB201399542EED8013CE4B238
:100DA0000436002C02D031000325E6E70132D2B22E
:100DB000032AD8D004002E4EF5E701282AD10024BA
:100DC0002B4E0194611CA5003200C9B26D4217E0A0
:100DD0001778002F0BD1029B5019C35C002B06D053
:100DE0001370029BC754019B0133DBB20193039B39
:100DF00001329A42ECD10131C9B2043D042904D038
:100E00008B000293131D0393E2E701340436032C95
:100E1000D8D1A8E7032827D0002005B0F0BD30784E
:100E20000132D2B2002808D1AB5C002B05D0337060
:100E3000019BA8540133DBB201930136032AEED1A2
:100E400001340437042C05D0094BA5003E00029A5A
:100E50005D19E4E70131032900D184E7CBB20293A5
:100E6000034B00245F18EFE700210191F6E7C0462D
:100E70003D030010084B400070B5C45C1B185D7842
:100E800020002900012206F085FC29000022200014
:100E900006F0CCFC70BDC046D3CF0000084B40002C
:100EA00070B5C45C1B185D7820002900002206F094
:100EB00071FC29000122200006F0B8FC70BDC0467C
:100EC000D3CF000010B506F0C9F80020FFF7D2FF1D
:100ED0000B21002006F080FC040063425C410020EE
:100EE000FFF7DCFFE0B210BD70B504000825012655
:100EF00000220821300006F099FC013DE2090221A0
:100F0000002006F093FC6400320008213000EDB2AE
:100F100006F08CFCE4B2002DEAD170BD002210B5C1
:100F200004001100022006F081FC2000FFF7DCFF26
:100F300010BD000070B50500B02028436B1E9D4118
:100F40008424FFF7EBFF0020FFF7E8FF1020FFF7F6
:100F5000E5FF0122002102206D4206F067FC064BEE
:100F60002C40E41825008435AC4200D170BD2078B7
:100F7000FFF7BAFF0134F7E780130010F0B587B030
:100F8000019202930022002307000C0008F054FF96
:100F9000002808D0019B019A581C302313700023AD
:100FA000037007B0F0BD2200A54B1A409A4206D14B
:100FB0002D23019A13705370D01C9370EFE7002219
:100FC00000233800210008F03DFF061E09D08023D1
:100FD0001B06E4182D23019A012613701300013318
:100FE0000193002200233800210008F03FFF002574
:100FF000A84200D09AE06B1C029A0593F318934222
:1010000002DAAB1C00DBACE0EA17AB18042053405B
:10101000632B03DC0138092B00DC0138029B023B07
:101020009E1B361AF3B2039373B202930123002678
:10103000002084490493039BB34200D0A0E0020047
:101040000B003800210007F067FD00227E4B0600F0
:101050000F0008F015FF002808D0300039000022EA
:10106000794B07F0B5FE06000F00059D049B002B91
:1010700000D18CE03900300008F05EFFC4B22000DF
:1010800009F042FF0B0002003900300007F03EFD7E
:1010900006000F0020000199FFF7B4FA431C0193EA
:1010A0002E230370029B0400002B22DDC318039340
:1010B0000022654B3000390007F0DCFD0F00060010
:1010C00008F03AFFC0B203003033637009F01CFF30
:1010D0000B0002003900300007F018FD039B0134BB
:1010E00006000F00A342E3D1029A019B9446634499
:1010F00001930198431E01931B78302BF9D0002DEA
:1011000000D14CE72B23411C002D01DA6D42023344
:1011100003702800FFF776FA41E73800210000222B
:10112000494B07F055FE07000C000135002238003E
:101130002100454B08F0A4FE0028EED10022380023
:101140002100424B08F07EFE002800D153E7380012
:10115000210000223C4B07F08DFD013D07000C00F3
:10116000ECE7029B013B9E1B6B1C002B00DC012368
:10117000F61A73B276190293F3B20393002356E77B
:101180000022314B013607F023FEF6B253E7002D63
:1011900013DA0135012D12D03000390000222A4B1C
:1011A00007F016FE06000F00F3E7300039000022BA
:1011B000254B07F05FFD06000F00013DF5D2390019
:1011C000300008F0B9FE040009F09EFE0B0002009A
:1011D0003900300007F09AFC06000F00200001994A
:1011E000FFF710FA2E230370029B0500441C002B0E
:1011F0001FDDC31801930022134B3000390007F0A4
:1012000039FD0F00060008F097FEC0B2030030332E
:101210006B7009F079FE0B0002003900300007F016
:1012200075FC019B013506000F009D42E3D1029B36
:10123000E4182000013C2378302BFAD0AFE6C046FA
:101240000000F07F0000E03F000024400000F03F7D
:1012500030B514001D00064B85B01B7801AAFFF7BE
:101260008DFE2A00210001A8FFF7E0F805B030BD8F
:1012700025000010F8B50F4C060020000D0006F008
:10128000C5FF5F232018037000234370200006F081
:10129000BDFFC3B2C7B22000AB4201D9781B001911
:1012A00032000321FFF7C2F80023E419013C237048
:1012B000F8BDC04678030010F7B51D4EC700BE1933
:1012C000019030000C00150006F0A0FF002815D09A
:1012D0002A0021003000FFF793F8164B019A1B7883
:1012E00093420AD10621144B49421B782A005943E4
:1012F0006118B220C9B2FFF735F8F7BD0F4B0022D5
:10130000DF193E687F6800233000390008F094FD43
:10131000002805D02A002100CC20FFF723F8DCE7C5
:101320002B00220030003900FFF792FFD5E7C046BE
:101330007D1100108814001026000010801200108B
:1013400010B5084C200006F061FFC3B2002B05D099
:101350000023C0B22418013C237010BDFFF780F9B0
:10136000FBE7C04678030010F0B5002685B0019079
:101370000C2703257743F3B2B4000093341B019B81
:10138000793CE4B2DF1929002000009AFEF7EAFF59
:10139000002302AA3900137102A8042206F0D2FE2B
:1013A000E91D2435009AC9B202A80134EDB2FFF755
:1013B00027F8E4B204376F2DE5D1012E01D00126C4
:1013C000D6E705B0F0BD0000F8B505000026064CD4
:1013D00083222778200005498334013606F0B2FEC7
:1013E0002770AE42F3D1F8BD8013001081130010B6
:1013F00070B50D00040005F0C3FF2900200006F0C1
:1014000067F870BD07B5684601A9FFF7F1FF6B46A5
:10141000FA221B88D2009B18034A13606B469A7805
:10142000024B1A7007BDC046400200103B0200107C
:1014300007B5684601A9FFF7DBFF6B463C205B79E7
:1014400058436B469B79C0180EBDF8B517000400D1
:1014500008000D0006F0DAFEE419C6B2200006F01E
:10146000D5FEA7192100421C380006F0AEFE32005E
:101470002900200006F066FEF8BD0000F8B50D4D0D
:1014800006002B780F000C4C072B08D921003822BE
:101490002000083106F099FE2B78013B2B702B7849
:1014A00030005A1CDB00E4183900266067602A709F
:1014B000F8BDC046540200105802001010B5FEF7E7
:1014C0003FFF09F021FDFFF7D9FF10BD10B5FFF771
:1014D000C7F809F0B3FC0A2108F098FCCB000349D7
:1014E000C91808684968FFF7C9FF10BD98140010B3
:1014F000F8B5FFF7B5F806000F00FFF7B1F80D00DB
:1015000004003900300009F099FC0A2108F07EFC43
:10151000054BC9B2C90059180C604D602000290064
:10152000FFF7ACFFF8BDC0469814001010B5FFF7E8
:1015300097F808F001FDC0B200280BD0064B1B78CD
:10154000834207D31B1A0548DB00C3181868596883
:10155000FFF794FF10BDC04654020010580200105F
:1015600070B5FFF77DF804000D00FFF779F8020071
:101570000B002000290008F083FC002804D1002083
:101580000021FFF77BFF70BD00200149F9E7C0464D
:101590000000F03F10B5FFF763F80022002308F0C9
:1015A0004BFC002804D100200021FFF767FF10BD8D
:1015B00000200149F9E7C0460000F03F10B502489D
:1015C0000249FFF75BFF10BD182D4454FB21094071
:1015D000F8B5FFF745F80D000400FFF741F80600E5
:1015E0000F002000290009F029FC39000400300018
:1015F00009F024FC2040C04309F056FCFFF73EFFF1
:10160000F8BD000010B5034B18685968FFF736FFA6
:1016100010BDC0463004001010B5FFF721F80200DD
:10162000802000060B1819001000FFF727FF10BDDF
:10163000F0B585B0FFF714F804000D00FFF710F8BF
:10164000134B06001B780F00002B19D0FFF708F88A
:1016500000900191FFF704F80290039130003900E7
:10166000FFF70CFF20002900FFF708FF02980399FD
:10167000FFF704FF00980199FFF700FF05B0F0BDE8
:1016800020002900FFF7FAFE30003900F4E7C046D9
:10169000FB03001070B5FFF7CBFFFEF7E1FF0D0075
:1016A0000400FFF7C5FF29002000FFF7E7FE70BD2B
:1016B000F8B5144B1B78002B19D0FEF7D1FF0600AC
:1016C0000F00FEF7CDFF04000D00FFF7D7FE30003E
:1016D0003900FFF7D3FE20002900FFF7CFFE3000CE
:1016E0003900FFF7CBFE0122074B1A70F8BDFEF759
:1016F000B7FFFFF7C3FEFFF7C1FE044B1860596048
:10170000F1E7C046FB03001038040010300400105D
:10171000F0B585B00391FFF70FF80600FEF7FCFF68
:101720000024013083B201939B1B013B9BB20293C7
:10173000039BE7B21B5DFF2B04D00134812CF7D152
:10174000013C2700FFF70AF88022029B1201C31A0E
:10175000DB19934211DA029A0F4DBBB297420ED2B7
:1017600001990139421A30196918281806F0EAFC63
:1017700022000399A81906F0E5FC05B0F0BD029A15
:101780009342F5D901990139421A30190132691889
:10179000281806F01AFDEBE756040010F8B50D4FB7
:1017A00006003B780D000C4C032B08D921001822B1
:1017B0002000083106F009FD3B78013B3B703B7887
:1017C00030005A1CDB00E41829003A70266065607E
:1017D000F8BDC046EA1A0010F01A001010B5034B0D
:1017E00018685968FFF7DAFF10BDC046101B0010DB
:1017F00010B5FFF73BF8024B03C3FFF7CFFF10BD57
:10180000101B0010F0B50324012589B0FFF72EF856
:101810001D4B01901B7802915C430434A540EB17EB
:101820002A00059308F05AFB0223A34000240393E7
:10183000019EDB17029F06900791049332003B0044
:101840000698079908F026FB2A00059B8019794124
:1018500008F044FB039A049B08F01CFBB04201D142
:10186000B94207D01D2C0BD1019E029F0134E4B276
:101870001E2CE3D130003900FFF790FF09B0F0BD16
:1018800006000F00F2E7C046E91A001010B5FEF797
:10189000EDFFFFF783FFFFF781FF0122014B1A7075
:1018A00010BDC0463804001010B5FEF7DFFF00235E
:1018B00042428B4110001900FFF770FF10BD00007D
:1018C00070B5FEF7D3FF06000D00FEF7CFFF03242F
:1018D000020001200B00074909784C430434A04062
:1018E000C11708F0FBFA32002B0008F0D3FAFFF71B
:1018F00055FF70BDE91A001070B5FEF7B7FF05007F
:101900000C00FEF7B3FF02000B002800210008F0D6
:10191000E5FA064B1A7803235343012204339A4015
:10192000D31708F0B7FAFFF739FF70BDE91A0010B6
:1019300070B50324134B0A251B785C43FEF796FF12
:1019400001220434A240D317A54008F0A3FAEE17F1
:1019500044B2030611D5013464B2012C00D170BD2C
:1019600028003100FFF71AFFFFF7AAFFF3E728006E
:101970003100FFF713FFFFF7BFFF013C64B2631CA8
:10198000F5D1ECE7E91A001070B5FEF76FFF0D0016
:101990000400FEF76BFF00196941FFF7FFFE70BD01
:1019A00010B5FFF781FFFFF7EFFF10BD70B5FEF731
:1019B0005DFF05000C00FEF759FF28402140C043A1
:1019C000C943FFF7EBFE70BDF8B504000025074ED4
:1019D0008322330083331F7831000548013506F038
:1019E000F4FB3770A542F2D1F8BDC0468013001059
:1019F000811300107FB5154B0D001C781600844232
:101A00001FD9241A124B1348013CE4001B78041917
:101A100020686168002B0FD007F066FC02000B0005
:101A200001A8FEF771FD01A8FEF736FD320029007E
:101A300001A8FEF7E5FC7FBD13002A00FFF708FCB4
:101A4000F9E75F20FEF78EFCF5E7C0465402001070
:101A50000B04001058020010F7B5234B234A1E78E0
:101A6000234B1B78D05C002E0CD00521414321482C
:101A70000918214806F0D2FB1F4806F0C7FB1F4B90
:101A80001870F7BDFEF758FE04001D4B1B5DFF2BC1
:101A900027D1194B9E190023013E3370ECE7052036
:101AA0003B5D43431348C31801981B5C4B5515001D
:101AB000AB1BDBB201930523114F385D58430D4B2F
:101AC000C01806F0A3FB019B6A1C0B49D2B28342EB
:101AD00001D22B06E3D52023013416004B55A4B2C6
:101AE000D3E73500E4E7C046060400107310001089
:101AF00054040010580C0010990200101A03001032
:101B000056040010044B10B5C000C018034B8900E8
:101B1000C95806F083FB10BD7D110010ACBD00005C
:101B200030B5032587B008210120FFF7EBFF2A4CD1
:101B30002A002100684606F005FB69467420FFF77D
:101B4000E7FD1F210520FFF7DDFF2A00611901A82D
:101B500006F0F8FA01A97820FFF7DAFD2021092024
:101B6000FFF7D0FF2A00A11D02A806F0EBFA02A998
:101B70007C20FFF7CDFD21210D20FFF7C3FF2100C1
:101B80002A00093103A806F0DDFA03A98020FFF737
:101B9000BFFD22211120FFF7B5FF21002A000C31E3
:101BA00004A806F0CFFA04A98420FFF7B1FD232191
:101BB0001520FFF7A7FF21002A000F3105A806F026
:101BC000C1FA05A98820FFF7A3FD24211920FFF7FA
:101BD00099FF07B030BDC0468FB8000070B508212E
:101BE00092B00120FFF78EFF574C032521002A00F9
:101BF0006846123106F0A6FA69467420FFF788FDA0
:101C000025210520FFF77EFF21002A00153101A8BC
:101C100006F098FA01A97820FFF77AFD262109201D
:101C2000FFF770FF082621003200183108A806F0DF
:101C300089FA08A97C20FFF76BFD27210D20FFF70B
:101C400061FF2100320020310AA806F07BFA0AA9C0
:101C50008020FFF75DFD28211120FFF753FF2100B1
:101C60000136320028310CA806F06CFA0CA9842049
:101C7000FFF74EFD29211520FFF744FF2100320018
:101C800031310FA806F05EFA0FA98820FFF740FD5A
:101C90002A211920FFF736FF21002A003A3102A835
:101CA00006F050FA02A97620FFF732FD2B2107201B
:101CB000FFF728FF21002A003D3103A806F042FA71
:101CC00003A97A20FFF724FD2C210B20FFF71AFF30
:101CD00021002A00403104A806F034FA04A97E202D
:101CE000FFF716FD2D210F20FFF70CFF21002A0022
:101CF000433105A806F026FA05A98220FFF708FD62
:101D00002E211320FFF7FEFE210001352A00463167
:101D100006A806F017FA06A98620FFF7F9FC2F217E
:101D20001720FFF7EFFE21002A004A3107A806F02E
:101D300009FA07A98A20FFF7EBFC30211B20FFF7E7
:101D4000E1FE12B070BDC0468FB800001FB50E494D
:101D50000B224E3101A806F0F5F901A97C20FFF70E
:101D6000D7FC1B210120FFF7CDFE1C210520FFF72A
:101D7000C9FE1D210920FFF7C5FE1E210D20FFF71A
:101D8000C1FE05B000BDC0468FB8000030B51F4C85
:101D90000425210085B02A00593101A806F0D2F9A6
:101DA00001A97820FFF7B4FC21002A005D3102A8C8
:101DB00006F0C8F902A98020FFF7AAFC21002A003A
:101DC000613103A806F0BEF903A98820FFF7A0FC43
:101DD0000D210120FFF796FE0E210520FFF792FE50
:101DE0000F210920FFF78EFE10210D20FFF78AFE3C
:101DF0000E211120FFF786FE07211520FFF782FE36
:101E00001A211920FFF77EFE05B030BD8FB8000003
:101E100010B5184C88B021000F226846653106F0D5
:101E200091F969468020FFF773FC2100102274317C
:101E300004A806F087F904A98420FFF769FC0321B0
:101E40000120FFF75FFE03210520FFF75BFE07215E
:101E50000920FFF757FE17210D20FFF753FE182129
:101E60001120FFF74FFE19211520FFF74BFE08B098
:101E700010BDC0468FB8000030B51D4C91B0102287
:101E8000211D01A806F05EF901A97C20FFF740FCA6
:101E9000132521002A00143105A806F053F905A9DD
:101EA0008020FFF735FC2100172227310AA806F011
:101EB00049F90AA98420FFF72BFC11210120FFF723
:101EC00021FE12210520FFF71DFE29000920FFF742
:101ED00019FE14210D20FFF715FE15211120FFF723
:101EE00011FE16211520FFF70DFE11B030BDC046C2
:101EF0000FB900001FB50724144922003E3102A883
:101F000006F020F902A97820FFF702FC104904220C
:101F10005D3101A806F016F901A98020FFF7F8FB52
:101F200009210120FFF7EEFD21000520FFF7EAFD62
:101F30000A210920FFF7E6FD0B210D20FFF7E2FD46
:101F40000C211120FFF7DEFD1FBDC0460FB90000B8
:101F50008FB8000010B5164C86B02100082245311C
:101F600001A806F0EFF801A97C20FFF7D1FB2100C2
:101F70000A224D3103A806F0E5F803A98020FFF7F7
:101F8000C7FB01210800FFF7BDFD05210800FFF791
:101F9000B9FD06210920FFF7B5FD02210D20FFF74D
:101FA000B1FD07211120FFF7ADFD06B010BDC04601
:101FB0000FB9000000B50E4989B01C22573101A8A5
:101FC00006F0C0F801A97C20FFF7A2FB0021012048
:101FD000FFF798FD03210520FFF794FD0421092058
:101FE000FFF790FD01210D20FFF78CFD09B000BD2A
:101FF0000FB90000F0B52C4B85B01B78029003930D
:10200000002B0AD0FEF7C2FA07F0F6F9FFF736FA0E
:102010000023029A137005B0F0BD029B1B782D2B94
:1020200011D10024029B214D01330193002600278A
:10203000019B1B78002B0BD122002B0030003900B4
:1020400006F0C6FEE2E7029B0024194D0193EDE77E
:102050002E2B26D0303B092B1FD800223000390010
:10206000144B06F007FE019B060018780F0030386D
:1020700008F01AFF0B0002003900300006F04CFD9A
:10208000039B06000F00002B07D020002900002230
:10209000084B06F0EFFD04000D00019B0133019396
:1020A000C6E701230393F8E70B0400100000F0BF1C
:1020B0000000F03F0000244070B5094D280006F0F4
:1020C000A5F8084C002807D02378002B01D0FEF794
:1020D000C7FA2800FFF78EFF0023237070BDC046AB
:1020E000780300103804001010B5FFF7E5FFFEF785
:1020F000B7FA08F0A3FE0122024B1860024B1A70D7
:1021000010BDC04650020010040400101FB5FEF7B9
:10211000A7FA07F02FFF02000B0001A8FEF7F4F961
:1021200001A8FFF767FF05B000BD000070B505000E
:1021300000240526094B1B78A34202D8FF24200067
:1021400070BD30006043064B2900C01806F06DF8E2
:102150000028F4D00134E4B2ECE7C046721000105D
:10216000580C001007B5094B6A4600930023137101
:10217000074B68461B7840339370FFF7D7FFFEF795
:10218000DBFA044B1880FFF797FF07BD464E780037
:10219000500300105203001007B5094B1B78002BA9
:1021A0000DD0084A69460092002240338B70684681
:1021B0000A71FFF7BBFFFEF7BFFA034B188007BD9C
:1021C00050030010464E7800560C00100122084BB8
:1021D00010B508481A70FFF7A9FF074B1870074B96
:1021E00018700748FFF7A2FF064B187010BDC046D5
:1021F0001B040010C0B100007B1100107C11001006
:10220000C3B100007A11001013B50B49040002227B
:10221000733101A805F096FF6B460022210001A84A
:102220009A71FEF71BFB01A8FFF780FFFEF760FA2B
:10223000024B187013BDC0460FB9000054040010C3
:10224000F8B5144B14491C780023DAB2944205D82F
:102250000527013CE4B2002C03D1F8BDCA54013378
:10226000F3E700260C4D69782878794378430B4BC7
:102270000136C918C018F6B205F0D7FF002803DDF3
:102280002B786A786B702A700135A642EBD1013C3D
:10229000E4B2E0E77210001073100010580C001048
:1022A00010B5FEF7DDF907F02FFBFFF7E7F810BDDB
:1022B00010B5FEF7D5F907F0D9FAFFF7DFF810BD32
:1022C00010B50B4B1B78002B09D0FEF7C9F9002283
:1022D000002307F0B1FD002802D1FEF7E1F910BD9F
:1022E000FEF7DEF9034B80B21880FEF7CDF9F6E772
:1022F00049010010560C001070B50C4C2378002BCF
:1023000002D00023237070BD094D2B78002B05D01F
:10231000084B1B78002B01D0FEF7D6FA00220123D0
:102320002A70054A23701380EDE7C0460B040010A5
:10233000E91A0010EA1A001044020010054B1B783D
:10234000002B05D13F22044B1B781340034A137026
:102350007047C04648010010F6010010240000102C
:1023600010B50C00022814D1C8212000490007F044
:1023700063FC89B21D2000290AD00138A30707D1C8
:102380006421200007F058FC88B2431E98411C309D
:1023900010BD0223984303001E20042BF8D0093BF4
:1023A0001800431E98411E30F2E70000F0B50025EA
:1023B00089B00091019206001322290003A802951A
:1023C0000C2705F0E0FE194B194A1B787B43012EC0
:1023D00024D1D3585C5D002C12D1164D02A92800DF
:1023E00005F01CFF280005F011FF134B019A18702F
:1023F00002AB180000991C75FEF702F809B0F0BD99
:10240000013CE4B20D49232C02D80D4BA400E15845
:1024100002A8013508F0AEFEEDB2D4E7D318022EC3
:1024200001D15B68D6E79B68D4E7C0464D02001037
:10243000B0D80000990200101A030010C6B10000C5
:1024400098B90000F8B5FEF73DFD04002220002CED
:1024500011D125002800FEF70DFD271D0D4EFFB2FE
:102460007178307805F0B8F9002805D12800FEF71A
:1024700015FD094B185DF8BD0134E4B20236A742E0
:10248000EED128000135EDB2FEF708FD0A2DE1D1AD
:10249000FF20F0E7CBCF0000A3CF000010B5FFF77F
:1024A000D1FFFF28FBD1FE3805F0AEFB10BD0000C8
:1024B000402210B5034B1A70034B3F3A1A70FFF7D6
:1024C000EDFF10BD24000010310000100123074A69
:1024D00010B51370064A1370FFF7E0FF054B064A6C
:1024E0001978117040221A7010BDC0460004001007
:1024F0003100001024000010390200100123074AA7
:1025000010B51370064A1370FFF7C8FF054B064A53
:102510001978117040221A7010BDC046FF030010D8
:1025200031000010240000103902001070B5054C75
:102530000548257805F06AFE854202D223780133EA
:10254000237070BD1A03001099020010F7B5204BDC
:102550001B78002B34D0FEF783F800900191FEF732
:102560007FF8009A019B06000F001000190006F08A
:1025700081FB320004000D003B003000390006F002
:1025800079FB02000B002000290006F0C5FA0200CA
:102590000B0004000D003000390006F019FC0200A9
:1025A000802000060B1819001000FEF767FF009846
:1025B000019922002B0006F00BFCFEF75FFFF7BD30
:1025C000FEF74EF802000B0000200249F3E7C04678
:1025D000FB0300100000F03FF0B5284B85B01B78DE
:1025E000002B3DD0FEF73CF800900191FEF738F843
:1025F00004000D00FEF734F806000F00FEF730F877
:102600003200029003913B002000290006F032FBCB
:10261000029A039B04000D000098019906F02AFB22
:1026200002000B002000290006F076FAFEF726FFD4
:102630000098019932003B0006F01CFB029A039BB4
:1026400004000D003000390006F014FB02000B00FE
:102650002000290006F05AFAFEF710FF05B0F0BD81
:10266000FDF7FEFF04000D00FDF7FAFF02000B006E
:102670002000290006F0FEFAEEE7C046FB0300103A
:1026800010B503480349FEF7F9FEFFF7A5FF10BD9B
:10269000F8C1631ADCA54C4010B5FDF7E1FF00223C
:1026A000034B06F0D9FFFEF7E9FEFFF7E9FF10BD87
:1026B0000000F03FD0B5FDF7D3FF08F0BFFB041ECC
:1026C0000CDA084E084F4442013C00D2D0BD300025
:1026D0003900FEF7D3FEFFF77FFFF5E70026034F33
:1026E000F2E7C0469A9999999999B93F0000244018
:1026F000F7B5174B1B78002B1ED0FDF7B1FF0090EC
:102700000191FDF7ADFF04000D00FDF7A9FF0600E4
:102710000F00FDF7A5FF02000B002000290006F0C6
:10272000FBF9FEF7ABFE0098019932003B0006F082
:10273000F3F9FEF7A3FEF7BDFDF792FF04000D00CD
:10274000FDF78EFF02000B0020002900EFE7C046D6
:10275000FB030010F0B5334B89B01B78002B5BD026
:10276000FDF77EFF06000F00FDF77AFF0090019154
:10277000FDF776FF02900391FDF772FF320004909F
:1027800005913B003000390006F074FA009A019B75
:1027900004000D001000190006F06CFA02000B0096
:1027A0002000290006F0B8F9049A059B06900791CD
:1027B0003000390006F05EFA029A039B04000D0017
:1027C0000098019906F056FA02000B00200029003B
:1027D00006F09CF9069A079B06F0FAFAFEF74EFE01
:1027E000029A039B3000390006F044FA049A059BD4
:1027F00004000D000098019906F03CFA02000B005D
:102800002000290006F088F9069A079B06F0E0FAF6
:10281000FEF734FE09B0F0BDFFF798FEFFF7DCFECF
:10282000F8E7C046FB03001010B503480349FEF764
:1028300025FEFFF78FFF10BDF8C1631ADCA54C40E1
:1028400010B5FFF7F1FFFDF70BFF06F085FEFEF771
:1028500015FE10BDF7B5134B1B78002B1CD0FDF7F0
:10286000FFFE04000D00FDF7FBFE00900191FDF757
:10287000F7FE06000F00FDF7F3FE009A019B06F03D
:1028800045F9FEF7FBFD22002B003000390006F071
:102890003DF9FEF7F3FDF7BDFEF7BEFEFFF728FF9B
:1028A000F9E7C046FB030010F8B50A4B1B78012B73
:1028B0000FD9FDF7DBFF07000E00FDF7D7FF05007E
:1028C0000C0038003100FEF769FF28002100FEF7F8
:1028D00065FFF8BDEA1A001070B5FFF7E5FFFDF7D8
:1028E000C5FF05000C00FFF7DFFF28002100FEF701
:1028F00055FF70BD10B5FFF7D7FFFEF7C7FFFFF715
:10290000EBFFFEF7F9FF084B01201A78032353432E
:102910000433984064220023C11707F0DFFAFEF762
:102920003DFFFEF7CDFF10BDE91A001010B51B4B9F
:102930001B78002B30D0FFF7BFFBFFF713FC2022E2
:102940000021174805F01FFC0123164A1370164A90
:1029500013700722154B1A700023154A1370154A7D
:102960001370154A1370FDF77BFE144C20606160F4
:10297000FDF776FEFEF782FD02000B0010490A60AB
:102980004B602068616806F0C1F80E4B002206F02B
:102990001FFA0D4B1860596010BDC046500300105F
:1029A0004811001017040010160400102500001034
:1029B000080400102B0400107D12001048040010C1
:1029C0004004001000003F406803001070B5154B34
:1029D0001B78002B24D0FFF76FFBFDF741FE0D00A5
:1029E00080210400104A114B0020C90506F042F96D
:1029F00002000B002000290006F088F8FEF73EFDDB
:102A00000B4B18605960FFF7ADFB0020002100223E
:102A1000084B18605960084B1A70084B01321A7045
:102A200070BDC04650030010FCA9F1D24D62503F6A
:102A300090140010700300107D120010210400108B
:102A400010B5174B1B78002B29D0FFF78BFBFEF737
:102A5000EFFDFDF705FE134C20606160FDF700FE01
:102A6000FEF70CFD2268636806F050F88023002210
:102A7000DB0506F0ADF900220B4B06F0A9F90B4B74
:102A800001221860596000200021094B186059602C
:102A9000084B1A700023084A1370084A137010BDBF
:102AA0005003001040040010000024406803001090
:102AB000700300100E040010080400107D120010B6
:102AC00010B5094B1B78002B0DD0FFF74BFBFEF721
:102AD000EFFDFEF7EDFD0122044B1A700023044ABE
:102AE0001370044A137010BD50030010220400102C
:102AF0002B0400107D1200107FB50C0018490C2229
:102B00000600763101A805F01DFB00250223B34223
:102B10006D41651BADB26421280007F007F8C8219C
:102B2000AC0880B26419241A4900280006F0FEFFA0
:102B300001AB9B19013B80B220181C7807210019BA
:102B4000013007F063F9074BC8B21B78002B03D0A4
:102B5000002803D00138C0B204B070BD0620FBE7E6
:102B60000FB900001404001070B505000E00032416
:102B7000FDF792FC2878002800D170BD32002100BA
:102B8000FDF7F0FB2B78202B05D1033CE4B2063493
:102B9000E4B20135EEE72E2BF9D1013CF6E7000057
:102BA000F0B5354B354D1E78C3B0002E5FD12E21C8
:102BB000280005F020FB310004007D2222A8219688
:102BC00005F0E1FA2900684605F028FB002C06D044
:102BD0006B46651B5E55611C21A805F01FFB68460E
:102BE000FDF7D4FC264B01261A7803235343043304
:102BF0009E40F71732003B0007F070F9040021A84F
:102C00000D00FDF7C3FC02000B003000390007F097
:102C100065F9FA220023920007F03CF924184D418F
:102C200021E00C00303CE4B20135092C06D90E003D
:102C3000613E0C00052E01D8573CE4B2110F1B0178
:102C40001201044022430B4329780029E9D10C49A1
:102C5000087803214143012004318840C11707F05F
:102C60003DF904000D002000290043B0F0BD002212
:102C70000F201300E8E7C0460B0400107803001093
:102C8000E91A001070B5064D0400280005F0BEFAE0
:102C9000611C021B4919601905F054FA70BDC04649
:102CA0009902001010B5064C2078002806D0013893
:102CB000C0B2FFF7E7FF2378013B237010BDC04689
:102CC0001A030010F8B5084F05003800CE190C00A3
:102CD00005F09CFA021B601C3100C019013205F09E
:102CE00074FA3570F8BDC0469902001070B505241D
:102CF000444315482418200005F088FA05001348BD
:102D000005F084FA7F23EAB29B1A984212D220007F
:102D1000FFF70CFA0A2808D90D4B1978002904D0BE
:102D20004A1C20201A70FFF7CDFF0026EDB2F3B247
:102D30009D4200D870BD064BA05D197801364A1C33
:102D40001A70FFF7BFFFF2E7580C0010990200104D
:102D50001A030010F0B5042400261E4B85B0002590
:102D60005A5D002A01D10136F6B20135042DF7D1A2
:102D7000013CE4B20433002CF1D1002E28D0FDF741
:102D8000DFFA310007F042F82700CBB20293039537
:102D9000104BBD00039EED182B78002B10D1631C47
:102DA000DBB20193029BA34209D1FDF7C9FA0A21C4
:102DB00006F042FF89B24B42594101312970019C12
:102DC000013EF6B20135002EE6D10137042FDFD1E6
:102DD00005B0F0BD3D030010F7B50400FDF79AFF04
:102DE000431E9841C3B20093022C2AD100210B004C
:102DF0008C46434E0836042072181779002F08D0ED
:102E00001578BD4205D10135157165460133157040
:102E1000DBB20138C0B201320028EED104390A0019
:102E20000C32E8D1002B01D0012300932000FDF7E4
:102E300071FF009B1843C0B2002801D0FFF78AFF42
:102E4000F7BD042C1CD1002320009C462C4E3200E0
:102E50000321D778002F08D09578BD4205D10135E0
:102E6000D570654601339570DBB20139C9B2013ABC
:102E70000029EED10138C0B204360028E7D1D1E7ED
:102E8000012C1DD100210B008C461D4A0420451A3F
:102E9000101801901778002F09D05618705DB842AD
:102EA00005D101301070604601337055DBB20198D6
:102EB00001328242EED1043908000C30E6D1B1E78C
:102EC000032CB3D1002304209C460D4E3200210078
:102ED0001778002F08D05578BD4205D101351570FF
:102EE000654601335570DBB20139C9B201320029A0
:102EF000EED10138C0B204360028E7D192E7C046CF
:102F00003D03001070B5114A137801331370FDF7BB
:102F1000A7FB0022002306F08FFF002811D00C48E9
:102F20008021038800241A00012509018A4209D35F
:102F300000228B4200D8CA1A9B189BB2002C00D0EA
:102F4000038070BD01322C0092B2EFE774010010D3
:102F5000560C0010F8B50023134E3370134C144D6B
:102F60002778EB5D202B04D1280005F04FF987422C
:102F700009D32778EB5D202B04D0280005F046F913
:102F8000874204D3F8BD237801332370E6E7237822
:102F900030005A1CEF5C227005F038F9002330181D
:102FA00007704370E5E7C0461C0300101B030010C8
:102FB00099020010F8B50F4D0400280005F026F91D
:102FC0007F2811D80C4E3378002B0ED0002C0FD058
:102FD000062C0AD86034E7B2280005F017F9002360
:102FE0002D182F706B703370F8BD2E270A2CF3D07C
:102FF0003034F0E778030010F903001010B5064BE9
:103000001B78002B03D00122044B1A7010BD0A203C
:10301000FFF7D0FFFAE7C0460B040010F9030010D9
:1030200010B5FFF7EBFF10BD10B50920FFF7C2FF89
:1030300010BD10B5FFF7F8FF10BD10B50820FFF761
:10304000B9FF10BD10B5FFF7F8FF10BD10B5072090
:10305000FFF7B0FF10BD10B5FFF7F8FF10BD10B5BA
:103060000620FFF7A7FF10BD10B5FFF7F8FF10BD52
:1030700010B50520FFF79EFF10BD10B5FFF7F8FF54
:1030800010BD10B50420FFF795FF10BD10B5FFF778
:10309000F8FF10BD10B50320FFF78CFF10BD10B571
:1030A000FFF7F8FF10BD10B50220FFF783FF10BD3A
:1030B00010B5FFF7F8FF10BD10B50120FFF77AFF3C
:1030C00010BD10B5FFF7F8FF10BD10B50020FFF7D9
:1030D00071FF10BD10B5FFF7F8FF10BDF0B50C0083
:1030E0008BB0202109921322019005F04CF80020AA
:1030F000019BE100824CD8746418049022686368D4
:10310000834206DA19001000002342428B4101215C
:1031100004917C490125097805917B4908880021A3
:1031200006F0DCFE0A22002306F0D8FE0323059AEF
:1031300053432A0004339A40D31706F0ABFE05220E
:1031400000238018594100230A2206F0A3FE030041
:1031500006000F000B4318D1019D019A3033123540
:103160009374049B002B0AD0002600272D23013DD9
:103170002B703E4303D06549019805F04FF809993B
:103180000198FFF7F1FC0BB0F0BD614B019C1B787F
:103190001334002B00D0AEE0059B002B21D0019D05
:1031A000300039000A22002306F074FE3032AA747F
:1031B00000230A223000390006F06CFE019B013D1D
:1031C0005B1B059ADBB206000F009A42E8D8130099
:1031D000013BDBB2DA43A218E41A531E2E22023C52
:1031E0001A70049A250094460124019B63440593B8
:1031F00033003B43B5D0059B9D4277D96B1E300011
:10320000390002930A22002306F044FE6B1E30327E
:103210001A7030000A220023390006F03BFE029AA1
:103220000F000599060023008A420BD9552252420D
:1032300054430133E4B2DBB2552C03D82021AA1E3B
:10324000029211701C00029DD2E763463340029344
:10325000FB0FDB07039315D5029A039B0120404225
:10326000C11712184B411021012349421143029109
:10327000012000215B420393029A039B12184B41E9
:10328000029203936B461B7A5722092B00D8273AE8
:103290009B186246651E2B70FB171A40002306928E
:1032A0000793069A079B92197B41100019000209A7
:1032B0001B0713431E00089B0F119D420AD9059B53
:1032C00005995A1C0323D2B20B40059202D1A51EC8
:1032D00020332B7033003B4300D142E72C00019B8D
:1032E000049A9B180893A342AFD32500049B002B9C
:1032F00000D03BE73FE70F2305959C46EFE7C0462C
:10330000F01A0010E91A001044020010C8B10000C1
:103310000B040010F0B52D4CA5B0200004F076FF92
:10332000002803D120002A4904F078FFFF247D22E1
:10333000002104A8039404F026FF2100002403AD1B
:103340008022280004F01FFF23AB1C70214B1C704F
:10335000FFF700FE0094204F380004F057FF0028CC
:103360000BD12B78FF2B06D01C4B1D4A1B78290054
:10337000D05CFEF7CDF925B0F0BD3800FEF7D6FEE3
:10338000009B5C1CFF2815D1009BE4B2DB43E318D3
:10339000DBB23800019304F039FF019B661EF6B2E0
:1033A00083420AD2019BFB5C2E2B0AD1243BAB55F6
:1033B0000134E9E7009BE6B2E854FFF7CBFD009645
:1033C000C9E7303BDBB2092BF1D9F6E799020010CF
:1033D000CCB100001B0300101C03001054040010AB
:1033E0007310001070B5054B054C1B7825782370C1
:1033F000FEF732FB2570FFF78DFF70BD55040010FE
:1034000054040010F0B5BE4A85B01378002B09D0E3
:1034100000230120BB490B70BB490B70BB490870EE
:10342000BB490B70BB4B1B78242B00D09AE0BA4DE4
:1034300000242B78012B06D1B84A1370FEF700FF49
:103440002C7005B0F0BD022B00D086E0B44B2C7080
:103450001C70B44BB44D1B7814702A78002B2CD000
:10346000002A27D0B14C200004F0D0FEB04FB14E5E
:10347000002809D0052033780422FB5C2100584342
:10348000AD4B181804F05EFE052133782000FB5C7C
:103490005943A94B591804F0C1FE00232B70FEF7C5
:1034A000CFFE2000FEF742FEFDF722F93070FEF756
:1034B000D3FAC6E7FFF72EFFF9E7002A0FD09F4A9D
:1034C0009F4912789948D2005218C15CD154062BFA
:1034D00002D001330029F8D100232B70B1E7994BBA
:1034E0001B780293002B04D0FFF714FFFEF76EFE4B
:1034F000A7E7954B1B78002BA3D0944BFF261C7895
:103500002000FDF75FFB01340500E0B2FDF75AFB38
:103510000400FDF76DFB854F0190380004F076FE46
:10352000631B0393019B06401A1B611E0132A819FD
:1035300004F04BFEFF230398854A1840019B801B33
:103540009A1A121A181A0299013004F01CFE32005D
:103550003900280004F0F6FD73E702232B707D4B41
:103560001C706EE7232B11D16B4D2C78002C06D0EC
:10357000794E03213078013006F048FC3170013C6F
:10358000631E9C41734B2C70002233E0252B0AD123
:10359000614A1178012914D1002364496F481370DE
:1035A00004F03CFE4DE7262B0BD15B4A1178012934
:1035B00007D1002469495D48147004F02FFE684B60
:1035C000CEE7604A1278002A16D0262B14D1654B1C
:1035D0001A78654B1A70654B1A78654B1A70574B01
:1035E0001A78644B1A7000234B4A13704C4A1370BC
:1035F0000122614B1A7024E757490978002948D104
:10360000454C2178122B09D1002937D1002A4BD003
:10361000FFF780FEFEF7DAFD414BB5E7182B04D12A
:1036200000292BD1FDF75AF80BE7192B04D10029FB
:1036300024D1FEF77BFF04E71D2B0AD100291DD101
:10364000FDF74CF8FDF74AF8FDF748F8FDF746F8A6
:10365000E8E71E2B0AD1002910D1FEF767FFFEF71D
:1036600065FFFEF763FFFEF761FFE2E7212B05D15F
:10367000022900D0BDE0FDF723F8E2E627224A4305
:103680009B183E4ADBB2D05CFFF730FB002323706F
:10369000D7E6012900D0D5E0002B0DD1234804F056
:1036A000B5FD7F2800D9CCE620202D4B19784A1C87
:1036B0001A70FFF707FBC4E6012B02D10722304B3B
:1036C00098E7022B07D12F4A1378182B00D9B8E6B8
:1036D00001331370B5E6032B56D104220024294888
:1036E0000378182B02D80C000133DBB2013AD2B2B6
:1036F000002AF6D1002C00D1A3E60370A1E6C04653
:10370000FD0300107803001054020010150400108F
:10371000380400102A0400100804001003040010EC
:103720000704001012040010060400109902001093
:103730007310001054040010580C0010881400106E
:103740007D1100101904001024040010E81400106A
:10375000360000100C040010290400107501001040
:103760001A0300108A140010461100108B14001068
:1037700047110010451100101C0400102ECF00004E
:103780006A0100106C010010042B06D1454A137821
:10379000002B00D155E6013B9BE7062B05D1414AA2
:1037A0001378062B00D94CE692E7072B01D13D4B4D
:1037B000EAE6082B01D13C4AE9E7092B12D10422A1
:1037C0000020012438490B78002B02D02000013B57
:1037D000DBB2013AD2B2002AF6D1002800D130E69D
:1037E0000B702EE6212B07D1304B1B78022B00D11A
:1037F00041E7FFF757FA24E6122B04D12C4B002A9D
:1038000000D1F7E604E7182B00D10BE7192B00D104
:103810000FE71D2B00D113E71E2B00D11DE7254814
:1038200004F0F4FC7F2800D90BE61F4B18781D4BE1
:10383000C0001B782033C018C0B21F4B19784A1C37
:103840001A7036E7022900D0FBE50D2B04D11B4A84
:10385000137859424B413CE70E2BC5D0212B10D198
:10386000124A1278022A00D105E7154AD05C134BA0
:103870001B78002BE1D00300613B192BDDD82038E9
:10388000DAE70A2B00D1CDE60C2B00D1D1E60B2BC9
:1038900000D1D5E6032B00D1DFE6122BE5D1002ABB
:1038A000E3D0B5E66A0100106C01001008040010B6
:1038B00007040010990200101A03001032000010D3
:1038C00080D7000010B5FEF7BBFC0B490B4804F095
:1038D000A5FC002420000134E4B2FEF795FCFFF7BC
:1038E00019FD202CF6D10022054B013CE4B21A70E0
:1038F0000833002CF9D110BDCCB1000099020010A2
:103900007D110010F0B5AC4BADB01C78002C01D08F
:1039100001F099F984222100A848520004F033FCF8
:10392000A74BA84D1E782C70002E00D1C2E0A64BEC
:1039300018780438052826D806F0EEF8030E251E60
:103940008DB2A24BA2481B78002B00D1A1480022C7
:103950000321FCF755FD16E00BA909A8FDF748FD6A
:1039600006AB187D002303221900FCF73BFE06ABD3
:10397000587D0023152203E0974B0322187800237B
:103980001900FCF72FFE09AC04222021200004F0CE
:10399000FAFB0023914A2371914B12781B78012581
:1039A0001343904A1278134314D18F4B1B78002B8A
:1039B00003D08E4B1B78002B0CD08D4B1D788D4B7C
:1039C0001B781D438C4B1B781D438C4B1B781D4370
:1039D0006B1E9D4103F03CFCAF231B01984200DBB2
:1039E0008748884B984200DA1800874BAF21C018EF
:1039F0000A238900584306F023F92C230026C0B27D
:103A00005B424008181A6F4BE0701B780093B3427A
:103A10000DD008AF38000BA9FDF7EAFC06AB1B7D03
:103A200020000093F97806AB5E7DFCF753FD774FDD
:103A30003B78002B05D0764B1B78002B01D0403310
:103A4000A370744B1B78002B01D100F0CFFF6533BE
:103A5000A37001F00DF80BA909A8FDF7C9FC06AB8E
:103A60009889002303221900FCF7BCFD06AB987B64
:103A7000002315221900FCF7B5FD06ABD87B002307
:103A800027221900FCF7AEFD09A803F095FD0721D8
:103A900006F0BCF960488B0000223921185858E71D
:103AA0005E4B0322187800231900FCF79BFD5C4B4A
:103AB00018785EE75B4B1C78002C25D05A4B052408
:103AC0001B785A4D0093009A594B944663440293D5
:103AD000013B18783200604303214019FCF790FC49
:103AE0000223544F009A3B70514B1E21985C3200C8
:103AF00060434019FCF784FC0122029B5121587855
:103B00003A706043401924E7384B4B4A1B781278CF
:103B1000134300D19CE0494F7F203978FFF7D2F85A
:103B20003D78474E103DEB433000DB171D4004F05D
:103B30006DFB7D22009021000CA80B9404F023FB68
:103B4000009A112A00D9112271190BA804F0FAFA6F
:103B5000002203210BA8FCF753FC3878FFF792F8FA
:103B6000384B1B78012B0AD0334B1B78002B00D12C
:103B700009E7012203210020FDF73CFF03E732257E
:103B8000314B012218782900C00020302018C0B223
:103B9000FCF7E8FB2D4B1B78A34206D10635EDB2AE
:103BA000012229007F20FCF7DDFB01340635E4B259
:103BB000EDB2082CE4D1D7E71D04001080130010EB
:103BC0000D040010130400108914001028000010C8
:103BD000BAB60000D0B1000033000010FE030010A0
:103BE0000104001011040010240400100704001048
:103BF000FA0300101804001002040010230400103F
:103C0000EF0A000034080000CCF7FFFFFC030010AF
:103C1000500300100804001048BD0000201C0010D4
:103C200039010010030400104C020010580C001061
:103C30007310001026000010FD0300101A0300107E
:103C400099020010290400106C0100106A01001094
:103C5000CC4BCD481C78002C00D08EE2CB4B1B788F
:103C6000002B6CD0CA4BCB4D1E685F682A686B680E
:103C70003000390004F04AFF02000B003000390028
:103C800005F0A6F80022C44B06F0DAFA06F054F963
:103C9000C24EC34FC3B2029332687368009201935D
:103CA000009801993A687B6804F030FF02000B002D
:103CB0000098019905F08CF80022BA4B06F0C0FA82
:103CC00002000B000020B74906F026FD06F034F98B
:103CD000C3B202223068716800932300FDF7B8FA7E
:103CE0003868796823003222FDF7B2FAA84B022225
:103CF000186859680123FDF7ABFA28686968012341
:103D00003222FDF7A5FA0F272500A74B6235E15CAB
:103D1000EDB2791A2800C9B2FCF7CCFB01342800B7
:103D20000099FCF7C7FB202CEED1FF2102989F4A97
:103D30006230C0B2131884331970115423E69C4BBF
:103D40001B78002B00D198E09A4E3478002C49D093
:103D5000994B1B781D001C1E18D0984A013BDB00B4
:103D6000D3181D685C68002200232800210006F09B
:103D700069F8002802D080231B06E41800220023E3
:103D80002800210006F072F8002812D12800210036
:103D900006F0F0F801230322FCF724FC0023337023
:103DA000F1E5280021000022854B04F063FF0500A7
:103DB0000C0028002100834A834B06F043F80028BA
:103DC000EFD128002100814A814B06F059F80028E4
:103DD000DCD0280021000022794B04F0F9FF050017
:103DE0000C00EEE77B4B1B78002B19D008237A4D93
:103DF0000122032120002B70FDF7FCFD0122382158
:103E00001000FDF7F7FD220003210220FDF7F2FD6F
:103E1000220038210320FDF7EDFD09232B70B2E5C8
:103E20006E4B6F481B78002B13D002226D4B1A701B
:103E300004F0ECF9002807D009210020FDF71AFA58
:103E40000122684B1A709EE502000321FDF7D2FDA6
:103E5000F6E704F0DBF9041E07D011210120FDF77D
:103E600009FA00220321100086E601220321FDF752
:103E7000C1FD2200032101207EE65B4B1B78002B55
:103E80002DD05A4D280004F0C1F90400112800D9A2
:103E90001124290000250BAE2200300004F052F955
:103EA0002A00032130003555FCF7AAFA0520504BB3
:103EB00001221C784F4B03211B5D58434E4BC01809
:103EC000FCF79EFA01233F2220002900FCF78AFB21
:103ED0004A4B5722187801230138C11751E5484B46
:103EE0001B78002B37D0474B1C78474B1B78002B97
:103EF00009D002233B4D00220E2120002B70FDF73C
:103F0000DBF901238AE7414B1B78002B03D0032CFC
:103F100001D9043CE4B23E4B1B78002B03D0002CAB
:103F200001D0013CE4B2200000220621FDF7C4F9D3
:103F3000601C00223B21C0B2FDF7BEF9201D01220A
:103F40000621C0B20534FDF7B7F901223B21E0B2EA
:103F5000FDF7B2F917E52F4B1B78002B60D0022339
:103F6000204D03222B702C4B1C780023601C190061
:103F7000FCF738FB294BA40000221B21E058FCF77A
:103F80003FFABEE71F040010E6B10000160400105F
:103F90004004001048040010000040407011001060
:103FA000681100100000304048110010801300100C
:103FB000FC030010200400105402001058020010EE
:103FC000000024400000901EC4BCD64200003426ED
:103FD000F56B0C43FB0300102500001027000010B8
:103FE000780300102600001012040010990200103F
:103FF0005404001073100010580C001072100010C0
:1040000019040010881400101A0400108B140010FA
:104010008A140010050400109802001088BD0000EA
:10402000E04B1C78002C2ED0DF4804F0EFF8DF4C7A
:10403000011E0ED012210120FDF71CF92178002964
:1040400000D1A0E400220139C9B20BA8FFF746F85D
:1040500099E42378012B0BD9023BDBB20200190053
:104060000BA8FFF73BF821780139C9B20122ECE730
:10407000002BFBD1CE490BA804F0D0F801210BA8EE
:10408000FEF772FD7FE4CB4B1E78002E49D0CA4B61
:10409000220019786D20FCF773FDC84B01221978B6
:1040A000AA20FCF76DFD220044216120FCF75AF99B
:1040B000C34B220018784A21FCF7D8F92200592175
:1040C0007220FCF74FF9BF4B220018785F21FCF7F4
:1040D000CDF901224421B220FCF744F9BA4B012268
:1040E0001D784A212800FCF7C1F901235922280034
:1040F0002100FCF777FA1F2D04D901226E21280038
:10410000FCF730F9B14B1B78002B00D13BE4B04BEE
:104110001A78002A00D036E444213F20FCF722F927
:1041200031E4AC4B1C78002C5AD0AB4B1C78AB4B19
:104130001B781C434AD00BAC18222021200004F02D
:1041400022F8A74909AD062228002676023103F09D
:10415000F9FF3300A348002206E0E95C89006118FA
:104160008E540132042A02D0865C0A2EF5D1013029
:104170000133FF30062BEED12000FDF7F5F8FFF7F5
:1041800002FC7D19EEB23000FCF71CFD0136050083
:10419000F0B2FCF717FD401B0138132800DD132097
:1041A000FF230BAE03401A0029003000009303F0F8
:1041B000C9FF0023009A0321B35430003A00FCF7F2
:1041C0001FF9012C01D1FFF7DEFB0124864BE7B27A
:1041D0001D782E19FCF71AFD8642D2DBFFF7D3FBC0
:1041E000824B1B78002B00D18BE00522804909A867
:1041F00003F0A8FF142220210BA803F0C4FF2822FB
:1042000006AB9B181C707B4B7B4C1B78002B00D1A2
:104210007A4C200003F0FAFF210002000BA803F003
:1042200091FF774B774C1B7806AA7F3B93772378D7
:10423000754A013B9B009D58280003F0E7FF2900C9
:1042400002000EA803F07EFF704F09A83B683A6891
:10425000DB17FCF759F9102209A90BA8FDF7F5F8AF
:10426000002203210BA8FCF7CBF83B68207899B219
:10427000FEF742FC1422060020210BA803F083FF66
:104280002822002506AB9B181D700222202109A8B8
:1042900003F079FF002306AA937313005F225A7379
:1042A000574BECB21B78002B1BD1B44205D3A11B9A
:1042B0000131C9B209A8FCF70DF909A803F0A6FF5E
:1042C00003240200200068430BAB181809A901352C
:1042D00003F038FF072DD8D1012221000BA8FFF7EA
:1042E00038FB0722534301339B1BE4183B68E4B2BD
:1042F00099B2444B1878FEF733F88442DDD8210098
:10430000D8E7434B1C78002C00D18DE008A907A802
:10431000FDF76EF806AB5C7A06223E490BA81F7AC1
:1043200003F010FF20000A2105F086FC3031CBB2EB
:1043300020000A21009305F0F9FB0A21C0B205F024
:104340007BFC09243031CBB2334E02930BA909A870
:1043500003F064FF304B35781B78FB1AEB18D9B2A9
:104360005AB21B065CD51831C9B209A8FCF7B2F8DD
:10437000009A06AB1A74029AAD00DA73274B21003B
:10438000E8580022FCF73CF8A11F24340122C9B2EE
:1043900009A8E4B2FCF734F80136752CD6D1FFF742
:1043A000F2FAC0462704001078030010EA1A001041
:1043B000FFB10000FE030010370200103A020010A7
:1043C000480100107911001038020010FF0300109E
:1043D00000040010240400101E040010100400103B
:1043E0008FB90000E9140010E81400100104001057
:1043F00056B2000014040010D4B10000DDB100007A
:104400003C0200103B020010F0CF00004002001000
:10441000250400105BB200003601001048DA0000ED
:10442000172AA2DD18399FE7E64B1E78002E24D00C
:104430000222E54B21001A70E44B01321878230068
:10444000FCF7D0F8E24B5D22187821002300FCF73E
:10445000C9F8E04B1B78002B00D1F1E4DE4B2100C2
:10446000187821222300FCF7BDF8DC4B3F22187896
:1044700021002300FCF7B6F8E2E4D94B1B78002BAF
:104480002FD0112231000CA80B9603F07CFED54DE5
:1044900003222878330000210130FCF7A3F8FCF751
:1044A000C7FBD14B0BAC8000C158200003F0B6FE17
:1044B000CE49200006F05EFE2B78CD4ADB009958ED
:1044C000200006F057FE2B780F212675082B00D907
:1044D000063100222000FBF793FFFCF7BFFBFFF73C
:1044E00052FAC44B1C78002C00D19FE00BAC210089
:1044F00009A8FCF77DFF23780824092B00D9023492
:10450000BD4B00251B780093BC4B1B780493009B8C
:10451000072B06D80A20BA4B009A9D5C049B5D438A
:104520004543B84BFA261B68B6000293B64B1B688E
:104530000393B64B039A1F68029B3900981AC34332
:10454000DB171840704305F07BFBB14B05901868F2
:104550002100704305F074FB059B00221818441BD2
:10456000E343DB171C40AB4BAB4D1C60AB4B032153
:104570001B68E42073432B60FBF7F4FE029B0922C7
:10458000D91702980023FCF72DF800221B21AA203E
:10459000FBF7E8FE039B2122D91703980023FCF7C1
:1045A00021F800223321A820FBF7DCFE002339226A
:1045B0003800F917FCF716F800224B21B420FBF75E
:1045C000D1FE0023512219000498FCF70BF80023B8
:1045D000632219000098FCF705F800226921682081
:1045E000FBF7C0FEFCF73AFB01224B21B220FBF7A0
:1045F000B9FE6421200005F023FBC11704F0FCFE86
:104600000022874B04F0E4FB01235122FCF720FE3B
:1046100001226921E120FBF7A5FE3100286805F0A1
:104620000FFB01236F22C117FFF7ABF97D4B1B78FE
:10463000002B2CD07C4B22001D78032102352D014C
:10464000EDB22800FBF712FF01230322280021000E
:10465000FBF7C8FF5A22FE21744803F094FD062799
:104660003E00200066431B36F6B28038002231003F
:10467000C0B2FBF777FE2819013401223100C0B225
:10468000E4B2FBF76FFE102CEAD1FFF77CF9684B20
:104690001B78002B00D1D5E0664B03221E78002347
:1046A000701C1900FBF79EFF0F25082E03D9063555
:1046B000622E00D90635604C33011E5B0022300AA1
:1046C00029000093FBF74EFEF0B20022A91DFBF774
:1046D00049FE009B0720E3185F882A00002338402A
:1046E00019001232FBF77EFF00232A002E003F063E
:1046F000FF0E380019001E32FBF774FF3036092F09
:1047000001D82A352E00009B3200E5180023E87BF3
:104710001900FBF767FF686806F0F6FB0022474BBD
:1047200004F056FB32000C320023D2B2FCF790FDAD
:10473000404B03221B7800211B010093E3185D8985
:1047400001232800FBF74EFF1526632D05D9FA2318
:1047500006369B009D4200D30636009B3200E318CC
:104760009F89002101233800FBF73CFF632F20D8ED
:1047700035001235009BE318987B06F0C5FB00223C
:10478000274B04F025FB2A000123FCF761FD294B90
:1047900015351B781B01E418208906F0B5FB0022B3
:1047A000274B04F015FB0123EAB2FCF751FDFFF79C
:1047B000EAF8FA2335009B001E359F42DAD2063D07
:1047C000D8E7C04611040010260000105004001065
:1047D0005104001030000010520400105304001067
:1047E0000A04001054030010D8BA000059B20000A7
:1047F00070C30000230400105C0300102C040010A0
:10480000E7CF00001C000010200000102C0000105A
:1048100070010010600300104802001058030010DF
:1048200000002440FA0300106B0100109B130010DD
:10483000180400107811001020D0000000408F40B4
:10484000000059406D4B1B78002B20D06C4B03228D
:104850001878002301301900FBF7C4FE694C64206E
:104860002378002B00D15C3000221521FBF77AFD64
:10487000002221210120FDF799FD207801224342E9
:10488000584103210230FDF791FDFFF77CF85E4AA5
:104890001278002A0CD15D4B5D481B78012B03D0A8
:1048A0005C48022B00D05C48FCF75EFDFFF729FB5B
:1048B0001D000024594FFA1894465A1ED2B2039292
:1048C000624601201278511E88402D18ADB220009A
:1048D000012B02D90821081BC0B2514EC000D200E2
:1048E000C11C92190B3000920290039E0020012EF1
:1048F00000D984304B4E7218009E01313678165420
:10490000009A0298013200928142EED104220134D1
:10491000E4B294449442D3D101339342C9D10023E9
:10492000502219002800FBF75DFE3F4B1A88AA426F
:1049300000D21D801888502201230021FBF752FE6F
:104940003800230001220021455C002D4AD00131AE
:104950000429F9D1013BDBB20430002BF3D1002A4A
:1049600001D1FFF710F804252100F81AEE1A057896
:10497000AC461D18AD5DAC4536D00139C9B2013029
:104980000029F4D1043B19000C31ECD1002A01D1EB
:10499000FEF7F9FF79783B788B4205D0BB789942D6
:1049A00002D0F978994200D10022013CE4B20437E8
:1049B000002CEFD1002A01D1FEF7E5FF18222100DB
:1049C0001A4803F0E0FB18222100194803F0DBFB32
:1049D000220003211748FBF713FD0122032116488B
:1049E000FEF7B7FF2A00B5E70022CBE7134B1B7891
:1049F000002B25D05B012833FFF72AF802040010B2
:104A00004D020010290000100904001008040010D5
:104A10000BB2000024B200003DB200003D030010C4
:104A2000DDBE0000801300104E0300108313001041
:104A30000714001001B2000006B200000C040010C0
:104A40008E4B1B78002B00D106E18D4A0BAB0B92ED
:104A5000B5225A7030329A708A4A12789B5CA370E1
:104A6000022A05D1884B1B78002B01D0B423637038
:104A7000864B1B88002B05D1854B864A1B78127804
:104A8000134301D0E223A370834B1B78002B01D08A
:104A9000DA23A370814B1B78002B0AD103206B42D1
:104AA00018407F212018002D00D112390022FBF779
:104AB000A7FC04222021200003F065FB00232371C2
:104AC000774B1B78002B13D020000099FBF702FDD9
:104AD0000A21300005F0B0F83031E17030000A21D1
:104AE00005F024F80A21C0B205F0A6F83031A17013
:104AF0006C4B1B78002B1AD06B4B0A211E783000B0
:104B000005F09AF83031A17030000A2105F00EF856
:104B10000A2180B205F090F830316170632E00D820
:104B2000A4E06421300005F001F8303020705F4BC4
:104B30001B78002B0FD0FBF711FE64235843C012E3
:104B40000A21053005F07CF8C0B221230A2801D8DB
:104B50003030C3B2E370564B1B78002B0ED0FCF7FD
:104B600047F8544BFF21C31A6420584305F068F8F6
:104B70000A21053005F064F83030E0704E4B3A7889
:104B80001B78134312D04D4B1B78002B06D04C4B97
:104B900019788A23002900D16233E370002A05D0F6
:104BA000484B1B78002B01D04323E370464B1E7803
:104BB000002E06D00D20454B197806ABC018FBF728
:104BC0004DFE364B1B78002B0AD103206B42184058
:104BD0007F212018002D00D112390122FBF710FC93
:104BE000002E10D001235B420B93384B03201A7820
:104BF0000123104092089340DB430BA90B5404227D
:104C0000334803F09FFA334B1B78002B1BD0324BF9
:104C1000FE211A78314B12019B185C8812220BA8D6
:104C200003F0B1FA23060BAADB0ED31807220121E9
:104C30001440A140093A4A40013B1A702848122208
:104C40000BA903F07FFA0020FCF774F90120FCF7B0
:104C500071F900202DB0F0BD174B1B78002B00D14F
:104C600006E7204B1B783033FEF7F2FE202323703B
:104C7000092E00D95BE7637059E7C04607040010AE
:104C8000316371002904001032000010560C00102E
:104C90001B040010000400101C0400101604001077
:104CA00013040010030400104C0200101204001042
:104CB0002404001036000010270400100B0400101C
:104CC000F9030010FB0300101904001088140010F1
:104CD00083140010180400107811001020D0000078
:104CE00076140010E91A001010B5FDF7D7FB02F09A
:104CF000E1FB02F0FAF80020012102F045FF00205C
:104D000002F0ECF9002802D1012102F03DFF02F08F
:104D10003DF9C820FCF702F97020FCF7FFF810BD40
:104D2000F0B587B003F0A4FA02F098F9C820FCF7B8
:104D3000F5F87020FCF7F2F80021DE4802F098FD4B
:104D40000021DD4802F094FD02F0F3F90122042174
:104D5000002002F01FFD00220421100002F066FD79
:104D600001220521002002F015FD0022052110007E
:104D700002F05CFD002002F051FCD04C002120002C
:104D8000CF4A03F000FAE1222000CE49920003F05E
:104D9000D9F9B422CC4BCD4C1A70802200211201DB
:104DA000200003F0F0F9CA4ACA49200003F0CAF90A
:104DB00040221F21C84803F0E6F9FCF739FB83B213
:104DC00003930023C54C02932378002B02D0FEF7F7
:104DD00099FD2070C24B1E88002E00D1E8E0701CA7
:104DE00080B21880B94B9D5DFF2D00D0C2E0BD4B55
:104DF0001A78002A00D18DE0FBF752FCB84B1880DE
:104E0000B94B1B78002B01D0FDF756F9012002F0B9
:104E100065F9002810D00023B24A1370B04A1380FD
:104E2000B24A1370B24A1370B24A1370B24A137086
:104E3000B24A1370FDF732FBFF23B14A1370FCF73F
:104E4000F7FA039BAF4DC01A2B78984202DD22235C
:104E5000AB4A1370AA4B1B78FF2B00D1C4E3029A14
:104E6000934200D1C0E3A84E3378002B44D00124F4
:104E7000A64A21001368200023431360A44A022796
:104E8000136823431360220002F084FC22000221F5
:104E9000200002F07FFC00222100200002F0C6FC6E
:104EA00022000221200002F0C1FC200002F0ACFE32
:104EB00022002100200002F0B9FC20000022022183
:104EC00002F0B4FC200002F09FFE012F00D055E359
:104ED0003A003900380002F0A9FC3A0002213800FB
:104EE00002F0A4FC00223900380002F053FC00223A
:104EF0000221380002F04EFC814B1C78222C00D09D
:104F00003EE3FF237E4A1370FFF7EEFE0122734B50
:104F10001A7060E3754B1B78002B11D0704B1A8010
:104F2000FDF7CAF87B4B1C787B4B1B78E41AFBF728
:104F300097FB013CE300794CE4182060616065E771
:104F4000674A13806A4B6C4A1B7812781343694A8C
:104F500012781343724A12781343724A1278134339
:104F6000664A1278134300D050E701332370FDF7EF
:104F700095FA4BE7362D13D80A2D03D9182D01D0F9
:104F8000FDF79AF8684BAD00EB589847674B1B78D4
:104F9000002B01D1664A13700022664B1A7035E768
:104FA000FBF772FB2800FBF7C7FB4D4B18802DE782
:104FB000514B1B780193002B54D05F4F3B7801334A
:104FC000DBB23B70022B0DD807D1FCF731FB5B48FD
:104FD0005B49FCF753FAFDF78BFB5A4B1B88404AA1
:104FE00013802CE7FCF724FBFDF7B4FB00205649A7
:104FF000FCF744FAFDF77CFB50485149FCF73EFAB8
:10500000FCF716FBFDF7A6FBFBF72AFBFCF736FACD
:105010000D000190FDF71EFC0022002329000198DD
:105020003E7004F00FFF002802D080231B06ED180D
:105030002900424A424B019804F004FF002803D1A2
:10504000424D2B78142B05D90123237000232A4AC3
:105050001370C4E7FCF72CFBFCF72AFB2B78013319
:105060002B70ECE6234B1F78002F00D1CEE0324BA3
:10507000314A1B781A490133DBB21370314A128866
:105080000A80012B00D1DAE6314C26686768022BD2
:1050900062D1FBF7E5FA0B0002003900300003F0A3
:1050A0003BFD2C4B2060616018685968FCF7E6F9FD
:1050B000C5E6C046984004409C400440580C00108F
:1050C0001A040000AACB0000721000105604001051
:1050D0007405000036C60000F70100103100001012
:1050E000560C001049010010190400101B04001098
:1050F000150400100E040010220400100404001017
:105100002A04001033000010280000107C400440E6
:10511000804004407B1100107C11001080120010B0
:1051200021040010170400100CBB0000FD03001048
:1051300008040010FB0300107D120010FCA9F1D23E
:105140004D62503F520300100000F0BF2B040010CE
:105150007003001040040010D44D032B11D1FBF755
:105160007FFA02000B003000390003F0D5FC2A68FA
:105170006B6820606160CE490868496803F0CCFC28
:1051800094E7162B2BD80024DB0726D58025ED05C8
:10519000FBF766FA02000B002000290003F06AFD0D
:1051A0000B0002003900300003F0B6FCC14B186060
:1051B0005960BF4B1C685D68BC4B1E685F68BE4B86
:1051C0001878023805F070FE32003B0003F052FD03
:1051D00002000B0020002900D0E7B84DD8E7FBF70C
:1051E0003FFA2A686B683000390003F043FD002263
:1051F000B34B03F0EDFDFCF741F90122B14B1A70FE
:10520000B14B019A1A70B14B1A8018E6B04B1A785C
:10521000002A6ED0A84AAD4913780133DBB213706F
:10522000AC4A12880A80012B00D108E6A14E3468EE
:105230007568022B13D1FBF713FA02000B00200054
:10524000290003F069FCA44C30607160206861683B
:10525000A24AA34B03F060FC2060616026E7032BA9
:1052600022D1FBF7FDF902000B0000209D4903F05D
:1052700001FD02000B002000290003F047FC306014
:1052800071608021944E954A954B00203468756872
:10529000C90503F0EFFC02000B002000290003F019
:1052A0003BFC3060716001E7042B08D1FBF7D8F9B3
:1052B00002000B0000208B4903F0DCFCBDE7FBF78C
:1052C000CFF902000B002000290003F01FFC002290
:1052D000854B03F07DFD814A814B03F079FDFCF79E
:1052E000CDF80122774B1A70794B1F70774B1F80D6
:1052F000A5E57E4B1978002900D18CE06E4D7348EE
:105300002E780136F1B20191297072490988018025
:1053100077490878002845D1019B012B00D18EE503
:10532000634B1E685F68019B022B0AD1FBF798F95B
:10533000704B18605960704B18605960300039002C
:10534000B4E6019B222B29D8FBF78AF90D000B004C
:105350006949040002000868496804F087FD0028D4
:1053600002D0654B1C605D60624922000868496894
:105370002B0004F067FD002802D05E4B1C605D60CE
:105380000198023805F090FD484B1A685B6804F0FC
:1053900057FF02000B0030003900EFE601232870B0
:1053A0000B70CBE70199012900D148E521292ED8BE
:1053B000514C26686768FBF753F902000B00300078
:1053C000390003F0A3FB4B4B06001A685B680F0023
:1053D0002068616803F09AFB02000B00300039007E
:1053E00003F0F6FC2B78454C00220193E418444B63
:1053F00004F026FF04F0A0FD2D4B023C20701C6839
:105400005D682A4B1E685F68019B581EDAE6012121
:105410001A70217013E53B4A1378002B10D03A49DB
:105420000B68581E0860002B06D0384B1878FBF725
:1054300083F9264B188002E5137001232370FEE4E4
:10544000334E3578002D19D0FDF784FD314D2800FD
:1054500002F0DCFE00280BD02800FCF767FE0300FA
:105460000B3BDBB2F32BE2D92800FCF7C3FDE6E4EB
:10547000294B30701870FDF711F8DEE7274E3378AE
:10548000002B53D0264F274B3C781D702000FBF794
:1054900053F90E4B01341880234BE4B21B783C7057
:1054A000A34200D3CBE43570C9E4C04668030010C2
:1054B00040040010700300107D1200100000104026
:1054C00000000840310000100E040010560C0010BF
:1054D000210400105203001090140010FCA9F1D216
:1054E0004D62503F0000204000002840170400108B
:1054F0002B040010681100107011001048110010EA
:1055000000002E4004040010500200102D04001072
:10551000150400101C0300101B0300101B040010D6
:105520007B110010540200107A110010B54C237842
:10553000402B17D0B44A13705A1C2270B34AD05C67
:10554000B34B1870FBF7CCFAB24B8000C3589847A6
:10555000FBF7B8FC002800D171E440232370FCF76E
:105560009DFF6CE40A20AC4B03211B78584302F0EA
:105570000BFBFCF767FFA94B187060E427008AE477
:10558000A74A1178002900D1D9E0242C04D10023A6
:10559000A4490B7013701EE0A34B1B78042B04D19D
:1055A00033785A425341337015E0052B37D105AC9F
:1055B000210004A8FBF71CFF984B1B78132B17D175
:1055C0002378172B01D80133DBB22370002221008E
:1055D00004A801F0C1FF954B1B78002B00D199E185
:1055E000FBF726FF83B203938C4B1B78FFF7EAFB94
:1055F000182B04D12378002BE7D0013BE4E7142BD0
:1056000006D163783B2B01D80133DBB26370DDE751
:10561000192BDBD16378002BF8D0013BF5E7072B82
:1056200029D1132C06D12B78EF2B01D80133DBB213
:105630002B70D0E7182C04D12B78052BF8D9013B1F
:10564000F5E7142C0AD105222B78EF2B01D8013372
:10565000DBB2013AD2B2002AF7D1E9E7192CBAD16C
:1056600005222B78052B01D9013BDBB2013AD2B2DE
:10567000002AF7D1DCE7082B40D105A904A8FBF7E5
:10568000B7FE664B1B78132B0AD104AB1B88622B29
:1056900001D801339BB204AA1380002205A997E721
:1056A000182B05D104AB1B88002BF4D0013BF1E78C
:1056B000142B08D104AB9B780B2B01D80133DBB240
:1056C00004AA9370E9E7192B05D104AB9B78002B52
:1056D000F6D0013BF3E7152B08D104ABDB781E2B8A
:1056E00001D80133DBB204AAD370D6E71A2BD4D188
:1056F00004ABDB78002BF6D0013BF3E7092B00D09D
:1057000069E7132C06D14A4A13783E2B0BD8013394
:10571000DBB208E0464A182C0CD0142C07D1454ABD
:105720001378062BF3D9137001F00AFC53E7192CF8
:10573000FAD1404A1378002BF5D0013BE8E7394B0A
:105740001B78002B12D0242C02D1364B197042E763
:10575000062C03D1384B394A1A603CE7231F052B2E
:1057600000D938E7304B1C70012313E7344D2A78F9
:10577000002A00D1B9E0242C02D12B70FFF7C6FB20
:10578000012C06D12F4B1B78013B2F4A1370FFF7DA
:10579000BDFB042221009143022909D12A4C294B47
:1057A00020781978013004F031FB2170FFF7AEFB4F
:1057B000072CEAD0032C10D1234D224B28781E78D9
:1057C00007343100013004F021FB013CE4B2C8B2DF
:1057D000002CF6D12870FFF799FB231F9343DBB20F
:1057E000002B03D1FBF71AF8FFF790FB092C2DD102
:1057F0000134013CE4B2FBF711F8002CF9D1FFF7BA
:1058000085FBC046240000103A020010F70100108A
:10581000F6010010E8BB0000330000102A0400105D
:105820000D0400101F04001089140010FD03001067
:10583000201C0010390100100CED00E00400FA05F6
:1058400003040010721000104C020010052C01D04F
:10585000122C31D1BC4B1A78BC4B1B78134305D1A9
:10586000BB4ABC491278895CBB4A1170BB4A1478A8
:10587000002C0DD0B64BB74A1B78D05CFAF75CFF12
:10588000B74B1880FCF70AFE0023B64A137074E782
:10589000B54A12781343F5D0AD4BAE4A1B78D05CB5
:1058A000FDF724FA0122B14B1C70B14B1C70B14BB7
:1058B0001A70B14B1C70E5E7132C08D1AF48FCF708
:1058C00035FCFAF715FFA24B1870FFF71FFB2300FA
:1058D000143B082B01D9FFF719FBA94B0A211878B3
:1058E00004F024F9133C6043EDE7A64F964A3B7859
:1058F0001278134302D0FDF785FD6CE6A24A1678B4
:10590000002E0BD013700922A04B1A70FAF7A8FED4
:10591000FAF7A6FE01229E4B01F02AFA8F4B1A7865
:105920009C46002A00D189E08E4F3B78012B01D0A4
:1059300001F07AFA1C2C01D001F06AFAFCF7BCFBEA
:10594000944A3E70137859424B41137043E6022348
:1059500000223B70904B1A70DCE78F4A232C06D153
:10596000013B591E8B413B7000231370D2E7192C69
:105970000BD1012B03D1137000233B70CAE7022B1C
:1059800003D1137000233B70C4E71178012919D1AA
:10599000002313701A2C05D14620FAF7CDFE704B68
:1059A0001880B7E71B2C05D14820FAF7C5FE6C4BD1
:1059B0001880AFE71C2CADD14A20FAF7BDFE684B2A
:1059C0001880A7E7022919D1002313701A2C05D1DA
:1059D0004720FAF7B1FE624B18809BE71B2C05D1DC
:1059E0004920FAF7A9FE5E4B188093E71C2C91D151
:1059F0004B20FAF7A1FE5A4B18808BE7182C09D1DF
:105A0000012B07D1654A137859424B41137000238B
:105A10003B707FE727225343E418E4B2752C00D98A
:105A200078E70A2C03D9212C01D0FCF745FB5C4B0D
:105A3000185DFAF781FE4A4B1880CCE54A4B19787D
:105A4000002900D1FDE0242C01D11A7006E0012CC0
:105A500007D14B4B534A1B78013B1370FBF7FCFFFC
:105A6000B9E5022C08D14F4C454B2078197801300C
:105A700004F0CCF92170F1E7032C0FD1494D404BD4
:105A800028781E7807343100013004F0BFF9013C5A
:105A9000E4B2C8B2002CF6D12870DFE7052C01D0A3
:105AA0000F2C04D101233B70FBF7D6FFD6E70E2C59
:105AB00003D101233C4A1370F5E7072C02D10022E1
:105AC000384BC2E7082C02D1FAF7B8FEC6E7092C1A
:105AD00007D10134013CE4B2FAF7B0FE002CF9D151
:105AE000BCE72648132C2AD02300143B082B09D8E6
:105AF000234B0A21187804F019F8133C6043294B12
:105B00001870ABE70C2C57D11D4C2378D12BA5D89E
:105B100005205843254B264AC01805A9059202F0D6
:105B20007DFBFAF71BFE234B18182D234370D2334D
:105B30008370237801332370FCF782FB05A8FCF700
:105B4000F5FAFAF7D5FDDAE7FD03001019040010A5
:105B50004C020010731000102D040010FC03001004
:105B6000560C0010080400101204001078030010F6
:105B700054020010150400103804001061B2000037
:105B80007210001007040010160400102500001009
:105B900031000010FB0300100C040010270000105F
:105BA0002ECF00005404001006040010580C001002
:105BB0004E455700560400100D2C36D1CB4E34788C
:105BC0002000FAF795FDB42800D847E7C84D2B7898
:105BD000012B00D842E7C74B1F5D3800FAF7ACFD38
:105BE0000400FAF799FD013083B20193FAF7B6FD8C
:105BF000019BC21AC0481918201802F0A3FA052107
:105C000008002A787843013ABC4BD21B4A4341181A
:105C1000C918C01802F0D9FA2B78013B2B703378E1
:105C2000013B3370FCF70CFB18E7252C03D1AF4B7D
:105C30001A78B34B09E7262C00D00FE7FDF7D2FB0B
:105C40000CE7B04D2B78002B00D1E8E0242C05D1D7
:105C5000002309222B70AC4B1A705BE6232C05D174
:105C6000AA4A137859424B41137053E6022C0AD1C9
:105C70000122A74B1A70A74A13781B2B00D949E6BB
:105C80000433137046E6042C10D1A24A1378002B7B
:105C900001D0013B137000239F490B701378DB4345
:105CA0009B0700D036E601230B7033E6122C72D826
:105CB00001239A4A1D00E240954334D1984A127854
:105CC000002A26D0974C200002F0A0FA7D280FD899
:105CD000904B05AE19783000FAF7C0FDB570924DC3
:105CE000310020002A78FBF7B0FB2B7802332B70B1
:105CF0008E4B1A78884B1A708D4B1A78844B1A7019
:105D00008C4B844A1B7813700123854A3B70002317
:105D100040E43B70884B1A70FCF792FA7D4B187880
:105D2000FCF772FA9AE6062C11D17A4A13781E2BE8
:105D300001D8013313700121774B197011780322B8
:105D400008001040114200D0E4E51870E2E5082C8C
:105D50000AD100226E4B1A706E4A1378032B00D8BA
:105D6000D8E5043B1370D5E50E2C14D1724A3B7074
:105D70001370FCF765FA674D704C29786948C900C3
:105D8000091902F04BFA2878C000001902F03EFA17
:105D9000654B18701FE41E2C16D16949022273311D
:105DA00005A802F0CFF9002204AB9A71594B05A85F
:105DB0001978FAF753FDFCF743FA05A8FCF7B6F992
:105DC000FAF796FC4E4BE4E71F2C1AD15C490222ED
:105DD000733105A802F0B6F9002204AB9A714D4B5D
:105DE00005A81978FAF73AFD05A8FCF79FF9FAF724
:105DF0007FFC3E4B1870FDF7F5FAFCF7E7F9FFF76B
:105E0000EAFB212C02D1FDF75DFDF6E71D2C00D049
:105E100080E501234B4A1370624613707AE54A4BC2
:105E20001A78002A32D0242C02D100221A7071E58F
:105E3000082C07D1454C09212078083003F0E6FFF3
:105E4000217067E5022C07D1404C092120780130F0
:105E500003F0DCFF21705DE5122C02D0052C00D090
:105E600058E5FDF72FFD012308222B70264B1A70F1
:105E70000023284A1370264A1370274A1370334BA5
:105E8000334A1B789B009B589847B6E7314A1378F2
:105E9000002B00D19DE0242C02D10023137039E5A2
:105EA000232C61D12C4B1B78002B76D12B4A2C4D07
:105EB00016782C78002E0FD0022C14D8294A11689D
:105EC00050684F0FC00001333843C900DBB2116086
:105ED000506008329E42F2D1032301341C402C70E2
:105EE000FAF7D8FC16E5FAF7EFFCF5E754040010D2
:105EF000721000107310001056040010580C00109F
:105F00005504001019040010250000101A04001098
:105F10008B140010881400108A14001020800400D4
:105F20001C040010990200101A0300104611001002
:105F30004711001045110010060400107D110010DB
:105F40000FB900002604001005040010980200108C
:105F500064BD0000270400100B040010EA1A0010B2
:105F6000E91A0010F01A0010212C11D1D44C200095
:105F700002F04CF9C3B2002B06D00023C0B22418A3
:105F8000013C2370FFF727FBFAF770FCFFF723FBB8
:105F9000262C00D9BEE40A2C13D9C94E300002F0D9
:105FA00035F9C84D00280AD02B78002B01D0FAF71C
:105FB0005DFCFCF7F5FDFBF7F1FB002333700023DC
:105FC0002B70C14BA400E3589847C04B0022FEF74A
:105FD0009FFFBF4A117800297DD0BE4801781D2C53
:105FE0000BD1BD4CBD4D22782B70114300D191E4F3
:105FF000402223702A7003708CE4002905D00370BE
:10600000B74B1A78B54B1A7084E4B3480378002B69
:106010000CD001700F2C04D8B24B197809010C4335
:106020001C70AF4B1A78AD4B1A7073E4242C03D15B
:106030001370A64A13706DE4212C08D1AA4A13707C
:10604000AA4A1370AA4A1370A64A137062E4232C5A
:106050000ED1A54A1F211370A44AA6481370A44A62
:106060001370A04A1370402202F08DF8FFF7B3FAC4
:10607000132C06D13F21A04A13783F330B401370F5
:1060800048E4182C06D13F219B4A137801330B407A
:1060900013703FE4142C08D13F21974A1378FC3346
:1060A0000B405B180B40137034E4192C08D13F21CE
:1060B000914A137804330B4001330B40137029E4E9
:1060C0000F2C00D926E48C4B8A4A1B78D15C09013D
:1060D0000C43D4541EE4894B1A78002A00D174E191
:1060E000874A107800280FD0043CE4B21170052CC8
:1060F00000D90FE480222002824C8349001952000B
:1061000002F020F8FFF767FA804D297800290DD0BA
:10611000043CE4B22870052C01D9FFF7FBFB802278
:106120002102784C784809195200E9E7242C02D161
:106130001970FFF7EFFB1C2C0CD1754A724C1170D3
:1061400001221A70734B2000FE32197002F01BF806
:106150000A2316E7082C0BD16D4B6E4A1970137881
:10616000002B01D1FFF7D6FB013B1370FFF7D2FBE9
:10617000022C0DD1664B674D1970FAF747FD2C784C
:106180000134844201DBFFF7C5FB2C70FFF7C2FB33
:10619000092C0DD100215E4B5E4A19701378042B37
:1061A00003D9053B1370FFF7B5FB1170FFF7B2FB86
:1061B000032C11D10022564B564C1A70FAF726FDCB
:1061C0002578AB1D834203DA05352570FFF7A2FB66
:1061D00001382070FFF79EFB212C01D00D2C25D11A
:1061E00000274C4E4A4B34781F702000FAF7EAFC27
:1061F00001340500E0B2FAF7E5FC0400FAF7F8FC18
:106200002100021B0190280001F09CFF019B424AE3
:10621000601B181A3900121A01F0B5FF3378BB421F
:1062200001D1FFF7D8F9013BFFF7BDF90E2C1BD1C7
:106230000022374B1A70FAF7E9FC012801D8FFF762
:1062400069FB344B18780130C0B2FAF7BBFC037815
:106250000400002B01D1FFF75DFBFAF7C9FC021B1C
:1062600021000132601E4BE70C2C16D10022294D73
:10627000274B28781A700130C0B2FAF7A3FC04004B
:10628000FAF7B6FC2100021B601C01F09EFF0A23F6
:1062900023702B780133FFF7CBF90B2C3ED1002272
:1062A0001B4B1A701B4B1878FAF78CFC0400FAF79A
:1062B0009FFC2100021B601C01F087FF48E7C046DD
:1062C0007803001038040010ACD900000804001056
:1062D000FE03001000040010FF0300102400001053
:1062E00039020010480100103A0200103802001074
:1062F00079110010F701001037020010240400107B
:106300001E040010E91400103600001010040010E4
:106310000F040010E814001035010010252C03D1E3
:1063200001231370FFF7F6FA262C03D101232B70FB
:10633000FFF7F0FA0F2C1DD1CE4B1B78002B01D1AB
:10634000FFF7E8FACC4B1878FAF73CFCCB4F040087
:106350003E788319751C01934519FAF749FC021B15
:1063600092192800019901F030FF0A223B78E2548B
:10637000FFF731F91D2C00D14BE50122BD4B1A70FE
:10638000BD4B1E78B018C0B2FAF71CFCBC4B040021
:10639000BC4D98420CD10A23037000232B7043702C
:1063A000280001F033FFB54B1870012300F039FDD0
:1063B0003000FAF707FC241A013C010022002800F3
:1063C00001F0C0FE00232B55EAE7AF490B78002B04
:1063D00077D0242C02D10A70AC4BF7E5002C05D104
:1063E000AB4A137859424B411370F5E7012C03D1A6
:1063F0000C22A84B1A70EFE7022C0CD1A54A137897
:106400000B2B01D80133EFE701231370A24A136865
:1064100001331360E0E7032CF8D0042C08D19B4A29
:106420001378002B01D1FFF7D6F8013BFFF7B2F844
:10643000052C0AD1FAF7E6FF0222984B1B7893430A
:10644000042B01D1FFF7C7F8C6E7062C23D1914BE7
:106450008E4E1F78904B38001D683478ADB22900FD
:10646000FCF74AFB290001903800FBF779FF019BFC
:106470000721C018864B1B785A1E9341C01806305E
:1064800003F0DEFB0138844201DBFFF7A4F801349E
:106490003470FFF7A0F8072C02D101227D4BA9E749
:1064A000082C0BD17B4A1378012B01D9013B9BE7C8
:1064B0000C231370784A1368013BAAE7092CBBD15F
:1064C000F8E7774A1178002934D0242C02D11370D0
:1064D000FFF720FA2500133DEBB2022B08D8714CD0
:1064E0001821605D173003F091FC6155FFF712FA37
:1064F0002500183DEBB2022B08D86A4C1821605DCC
:10650000013003F083FC6155FFF704FA1D2C04D120
:106510000B22644B1A70FFF7FDF923001E3B012B81
:1065200001D9FFF7F7F95F4B1C191B781D3C23704D
:10653000FFF7F0F95C4B1A78002A00D190E0242C88
:1065400002D11970FFF7E6F9132C08D1574C6421DA
:106550002078013003F05AFC2170FFF7DBF9182C8A
:1065600008D1524C64212078633003F04FFC217035
:10657000FFF7D0F90F2C08D14D4C64212078013061
:1065800003F044FC2170FFF7C5F90E2C08D1484CEC
:1065900064212078633003F039FC2170FFF7BAF9E9
:1065A000142C08D1434C64212078013003F02EFCD8
:1065B0002170FFF7AFF9192C08D13E4C64212078E7
:1065C000633003F023FC2170FFF7A4F9092C08D1F4
:1065D000394C64212078013003F018FC2170FFF75A
:1065E00099F9062C08D1344C64212078633003F0EB
:1065F0000DFC2170FFF78EF91D2C04D100222B4BCE
:106600001A70FFF787F90D2C04D10022284B1A705D
:10661000FFF780F91E2C04D10022264B1A70FFF7D9
:1066200079F9032C04D10022234B1A70FFF772F979
:10663000212C0AD10023204A13701E4A13701C4AD1
:1066400013701A4A1370FFF765F9122C01D0FFF787
:1066500061F91A4A137859424B411370FFF75AF9FE
:10666000174B1978002900D18FE0242C2AD11A70F9
:10667000FFF750F90F040010E81400101A0300107F
:106680003600001099020010010400103C020010B6
:10669000140400103B020010400200102A040010F5
:1066A00025040010360100101104001050040010E1
:1066B0005104001052040010530400103000001068
:1066C0000A040010082C08D1D14C572120785630EC
:1066D00003F09CFB2170FFF71DF9022C08D1CC4C74
:1066E00057212078013003F091FB2170FFF712F958
:1066F000072C04D10022C64B1A70FFF70BF9012CAE
:1067000004D15622C24B1A70FFF704F9092C0ED19E
:10671000FAF78EFA0021884203D00D300E3103F0D3
:106720008BFABC4B5A5CBA4B1A70FFF7F3F8032C88
:106730000CD1FAF77DFA0C230B2801D80130C3B233
:10674000B44AD25CB24B1A70FFF7E4F8122C01D9AC
:10675000FFF7E0F8B04BE340DB0701D4FFF7DAF8CE
:10676000AB4BAE491A78AE4BD2009B1808681A7929
:106770005B7912180A60AB4A11685B181360AA4A69
:10678000137801331370FFF7C5F8A84A1078002872
:1067900000D19FE0242C02D11170FFF7BBF8122C1E
:1067A00001D0052C03D101221A70FFF7B3F8132C86
:1067B00005D19F4A13680A331360FFF7ABF8182C12
:1067C00009D19B4A1368002B01D1FFF7A3F80A3BBC
:1067D0001360FFF79FF81D2C04D10022944B1A6020
:1067E000FFF798F8142C05D1924A13680A33136006
:1067F000FFF790F8192C09D18E4A1368002B01D1AC
:10680000FFF788F80A3B1360FFF784F81E2C04D1C9
:106810000022884B1A60FFF77DF8152C05D1864AB7
:1068200013680A331360FFF775F81A2C09D1824AEE
:106830001368002B01D1FFF76DF80A3B1360FFF7D7
:1068400069F81F2C04D100227B4B1A60FFF762F815
:10685000162C05D1794A137801331370FFF75AF8D3
:106860001B2C09D1754A1378002B01D1FFF752F880
:10687000013B1370FFF74EF8202C04D100226F4B20
:106880001A70FFF747F8172C05D16D4A13780133BA
:106890001370FFF73FF81C2C09D1694A1378002BBD
:1068A00001D1FFF737F8013B1370FFF733F8212CC4
:1068B00004D10022624B1A70FFF72CF8002C01D093
:1068C000FFF728F8574B1C60544B1C60564B1C704C
:1068D000FFF720F85B4B1A78002A1DD0242C03D137
:1068E00000221A70FFF716F8082C08D1564C0D211B
:1068F00020780C3003F08AFA2170FFF70BF8022C95
:1069000001D0FFF707F8504C0D212078013003F03B
:106910007DFA2170FEF7FEFF4C4B1A78002A00D159
:1069200098E0242C03D100221A70FEF7F3FF072C05
:1069300004D10022464B1A70FEF7ECFF012C04D163
:106940007522434B1A70FEF7E5FF082C08D1404C26
:1069500076212078753003F059FA2170FEF7DAFFBE
:10696000022C08D13A4C76212078013003F04EFAFF
:106970002170FEF7CFFF092C0FD17626344D01345C
:1069800028783100753003F041FA013CE4B2C8B216
:10699000002CF6D12870FEF7BDFF032C0FD1762610
:1069A0002B4D073428783100013003F02FFA013CD9
:1069B000E4B2C8B2002CF6D12870FEF7ABFF0D2C64
:1069C00006D10120FAF772F9214B1870FEF7A2FFE9
:1069D0000C2C06D10020FAF769F91D4B1870FEF750
:1069E00099FF0F2C04D15822194B1A70FEF792FF11
:1069F0000E2C04D12722164B1A70FEF78BFF0B2C9E
:106A000001D0FEF787FF124B1C70FEF783FFC046D4
:106A10005403001028C6000020100400700100106C
:106A200070C3000058030010280400102304001055
:106A30001C000010200000102C0000102C0400107E
:106A40005C030010FA0300106B0100101804001022
:106A500078110010C84A1378002B78D0242C03D169
:106A600000231370FEF756FF082C08D1C34C1521E4
:106A70002078143003F0CAF92170FEF74BFF022C86
:106A800008D1BE4C15212078013003F0BFF92170E8
:106A9000FEF740FF092C1CD1B84C1521207814308A
:106AA00003F0B4F914310800152103F0AFF91431E3
:106AB0000800152103F0AAF914310800152103F08C
:106AC000A5F914310800152103F0A0F92170FEF793
:106AD00021FF032C18D1A94C15212078013003F097
:106AE00095F9481C152103F091F9481C152103F074
:106AF0008DF9481C152103F089F9481C152103F074
:106B000085F92170FEF706FF072C04D100229B4B6C
:106B10001A70FEF7FFFE012C04D11422974B1A7055
:106B2000FEF7F8FE0123042C03D1954A1370FEF7FB
:106B3000F1FE062C04D10022914B1A70FEF7EAFEFA
:106B4000052C01D0FEF7E6FE3B70FEF7E3FE8D4E0E
:106B50003178002926D0242C02D13370FEF7DAFEDA
:106B60000120132C0BD001200F2C17D00520142C42
:106B700005D00520092C11D0152C04D10A20FAF7D4
:106B800023FCFEF728FD0A20082C07D01420162C21
:106B9000F5D0072C01D0FEF7BDFE1420FAF714FF44
:106BA000FEF719FD784D2878002836D0242C02D124
:106BB0002970FEF7AFFE232C0BD101232B70734BF2
:106BC00010227348197001F0DEFAFCF7C3F8FEF7E3
:106BD00002FD042C01D0012C04D10320FCF7FCF8A9
:106BE000FEF798FE062C01D0032C04D10420FCF7FC
:106BF000F3F8FEF78FFE082C01D0052C04D10120FC
:106C0000FCF7EAF8FEF786FE022C01D0FEF782FEC2
:106C10002000FCF7E1F8FEF77DFE5C490B78232CA1
:106C200005D1013B5A1E93410B70FEF773FE242CD5
:106C300005D1022B00D002200870FEF76BFE012B5D
:106C400029D10870042C03D1524A1370FEF762FE5A
:106C5000052C03D1504A1370FEF75CFE062C03D1BD
:106C60004E4A1370FEF756FE072C03D14C4A1370A0
:106C7000FEF750FE082C05D14A4A1370FAF7C2FB02
:106C8000FEF7A9FC092C03D1474A1370FEF742FE18
:106C90000B70FEF73FFE0122022B2BD10870042C53
:106CA00006D13270083241494148FF32FFF728FAD5
:106CB000052C04D12A70FCF74DF8FEF72BFE062CAC
:106CC00003D13C4B1A70FEF725FE072C03D13A4B3B
:106CD0001A70FEF71FFE082C03D1384B1A70FEF70E
:106CE00019FE092C01D0FEF715FE0122224B1A7065
:106CF000FEF710FE042C0BD1314B1A70314B18707B
:106D0000314B1870314B1870F9F7C4FDFEF702FED5
:106D1000052C03D12E4B1A70FEF7FCFD062C0CD16E
:106D200000242C4B1A70FBF78BFA2B4B1C70FAF7D4
:106D300093FE244B1C70FEF74EFC072C0BD16346D0
:106D40001A7000231F4A1370244A13802D22244BEB
:106D50001A70FEF7DFFD082C4ED1224B22491A7023
:106D600000230B7021493A700B7021490B70214BA5
:106D70001A70FEF735FCC046020400104D020010E8
:106D8000290000101D040010090400100804001060
:106D90003D0300101104001005040010230400102E
:106DA000240400100104001025040010A7D70000DF
:106DB000801300101F040010FA03001018040010C4
:106DC000270400100B040010380400107803001092
:106DD000FE0300101204001054040010560C0010A2
:106DE0002D040010FD0300101A03001054020010BF
:106DF0009902001031000010092C01D0FEF78AFD25
:106E00000122194B1A70194B07321A70FEF7F5FF61
:106E1000242C01D0FEF7A1FD01232B70FBF710FA03
:106E200000233B70FEF7D7FB242C01D0FEF795FD25
:106E3000022B01D0FEF78BFD00240D4B0D4D1C7075
:106E400063461C702B783C70A34201D1FEF762FDB3
:106E5000F9F706FCFAF712FB0923074AFAF78EF84E
:106E60002C70FEF7B8FBC046190400102500001076
:106E7000F90300102604001075010010002210B55F
:106E800004001100022000F0D1FC2000F9F738FACC
:106E900010BDF7B50123002450270600009301948C
:106EA0007F426A46A300D05835003843C0B2FFF78E
:106EB000E5FF0020FFF7E2FF1020FFF7DFFFE020F3
:106EC000FFF7DCFF01220021022000F0AFFC287850
:106ED000F9F716FA3300013584339D42F2D1012CC3
:106EE00000D1F7BD2E000124DBE710B5AC20FFF781
:106EF000C5FFAE20FFF7C2FFA520FFF7BFFF10BD03
:106F000070B50D000400012200F044FC29000122AC
:106F1000200000F08BFC70BD10B50400F820FFF7D6
:106F2000ADFF2000FFF7AAFF10BD10B504008120BF
:106F3000FFF7A4FF3F202040FFF7A0FF10BD000097
:106F4000202010B5064B1B781843FFF797FF0A2047
:106F500000F05AFE034B1878FFF7E7FF10BDC0465C
:106F600039010010201C0010842210B500210248B5
:106F7000520001F008F910BD181B001010B50248AE
:106F8000FFF787FF10BDC046181B001010B5082181
:106F90000120FFF7B5FF02210020FFF7B1FF00211C
:106FA0000220FFF7ADFF06210220FFF7A9FF032112
:106FB0000800FFF7A5FF03210022080000F036FCBF
:106FC00000220621022000F031FC012206210220CD
:106FD00000F02CFCFFF7C8FFFFF7D0FFA220FFF75F
:106FE0004DFFA020FFF74AFFC020FFF747FF00201A
:106FF000FFF792FF0A2000F007FE4020FFF73EFF58
:107000002C20FFF73BFF322000F0FEFD2E20FFF783
:1070100035FF322000F0F8FD2F20FFF72FFF0A2068
:1070200000F0F2FDFFF78CFFAF20FFF727FFA42051
:10703000FFF724FF10BD000070B505000024054BCC
:107040002900E05C044B0134C01800F011FC0A2C4C
:10705000F5D170BDA8DA000000400440F7B50E4E2F
:107060003468002C16D11020FFF7E6FF0B4D2B786B
:107070006F781800002239000193013400F08AFB78
:1070800001223900019800F0D1FB02350A2CEED123
:1070900001233360F7BDC046241C0010B2DA0000A3
:1070A000F8B500250B4C26786778012239003000AE
:1070B00000F070FB013500223900300000F0B6FB13
:1070C00002340A2DEFD10020FFF7B6FF0022024B59
:1070D0001A60F8BDB2DA0000241C001070B505007B
:1070E000FFF7BCFF002D09D001220721022000F08C
:1070F00051FB00220721022000F098FB0B21002009
:1071000000F06AFB0124002805D00B21002000F0CC
:1071100063FB44424441002D09D000220721022094
:1071200000F038FB01220721022000F07FFB200045
:1071300070BD012210B510000B2100F02BFB0022C6
:107140000B21012000F072FB01220221032000F03C
:1071500021FB00220221032000F068FB10BD00008B
:1071600037B51021224A0500136801208B431360B4
:107170008023204A9B0111681F4C0B4313600B2195
:10718000002200F007FB00220B21012000F04EFB43
:107190009F211A4B1A688A431A601A6818491A60A4
:1071A000184B186802F04CFD0302802018432A0097
:1071B00002212060032000F039FB142000F024FDA0
:1071C000FF2223689343236022680F4B13430F4A27
:1071D000236013680193019B002BFADA23680C4AA1
:1071E00013402360FFF7A5FF01980004800D3EBD0A
:1071F000388204408080044000C001409840044030
:1072000000093D00381C0010800000012CC0014026
:10721000FFFFFFF810B50D4C2068002814DA00209D
:107220002060FFF79DFF0A280BDC0120FFF798FF85
:10723000C0230138FF385B00984202D8803BFF3BF7
:107240002360FFF776FF206810BDC0463C010010A8
:1072500010B5FFF7DFFF002801D1002010BD01208D
:10726000FFF77EFF011EF8D0014802F0E9FCF5E7C8
:1072700050BB12000222074B10B51A60064BA03219
:107280001960064B1A70013258709A7001F054F868
:1072900010BDC046301E00101C1E0010081E00103D
:1072A0000022064B023110B51960054B1A60054BE0
:1072B000A2321A70587001F03FF810BD301E001055
:1072C0001C1E0010081E001070B505000E000324DF
:1072D00031002800FFF7CEFF0223FF33984202D08F
:1072E000013C002CF4D170BD70B505000E000324E4
:1072F00031002800FFF7D4FF0223FF33984202D069
:10730000013C002CF4D170BD0A4B10B51B68002B5A
:107310000ED0094CA31CA270140A5C70140C120E3F
:10732000DA709C70FFF7E0FF831EFF3B5A42534127
:10733000180010BD281C0010081E001070B50E4C5F
:107340002468002C15D00D4C160AA270E670160C9D
:10735000120E6271A371A21D26711C0A54701C0CBE
:107360001B0E9470D370FFF7BFFF841EFF3C634277
:107370005C41200070BDC046281C0010081E001093
:10738000064B10B51868002807D007210220FFF728
:107390009BFF0238FF384342584110BD281C0010A3
:1073A000064B10B51868002807D007210220FFF708
:1073B0009BFF0238FF384342584110BD281C001083
:1073C000012110B50800FFF77FFF0223FF33984229
:1073D0000FD10120084B1860084B1C78230706D0FA
:1073E0000323074A234001009370FFF77DFF20002D
:1073F00010BD01246442FAE7281C0010201E001072
:10740000081E001010B5FFF7DBFF01210220FFF777
:107410005BFF0223FF3398420FD1084B1B787F2B71
:1074200006D9842207210220054B5204FFF786FF6C
:1074300004210920034AFFF767FF10BD201E00103A
:1074400002011400808080800A23021153430F221E
:1074500010401818704770B50A21050002F0F0FBC3
:107460000A210401280002F0D1FC2000084370BD6D
:10747000C12210B5520002210E20FFF745FF012264
:10748000014B5A7110BDC0462E1C001010B5084C9F
:107490006379002B01D1FFF7EBFFA279237952002A
:1074A00001211A430C2308001A43FFF72DFF10BDDA
:1074B0002E1C001010B5054B1A79002A05D00022A9
:1074C0001A711A72DA70FFF7E1FF10BD2E1C00105E
:1074D00070B51D4C0D0061782378A278090219431C
:1074E000E378120411431B06184A0B4313401A0A8F
:1074F000237062701A0C1B0EE37063792179A270FD
:107500001B02134A0B43134023711B0A06006371CD
:10751000A079FFF799FF0F4B1B881B183380607908
:10752000FFF792FFB070E078FFF78EFFF070A07861
:10753000FFF78AFF28706078FFF786FF6870207871
:10754000FFF782FFA87070BD201E00107F7F3F3FB5
:10755000071F00002C1C0010F7B504880E00050062
:1075600064212000019202F067FB114B8FB2E41BF3
:107570001C80B078FFF76FFF0E4CA0707078FFF79B
:107580006AFFE0703078FFF766FF2071E878FFF758
:1075900062FF019B6071A371A878FFF75CFFE07147
:1075A0003800FFF758FF2072FFF7FAFEFEBDC04615
:1075B0002C1C0010081E001070B5962283780688D7
:1075C000050000205201B618010002229A424141F2
:1075D000761A022B00D80C30C01899230338584370
:1075E0006E240521023002F02BFB6421FF3474432A
:1075F0000419B01024184942300002F021FBC821C0
:1076000024184900300002F01BFB034B2018EC78D3
:10761000C018001970BDC046D382FFFF10B5002806
:1076200048D08021254A13688B43136001232449E5
:107630000A681A42FCD00322224B1A60012300215F
:10764000214A13601160136011681942FCD01F4A6F
:107650001F49136080230C685B0223430B600028E2
:1076600004D1802315490C6823430B60194B19681A
:1076700081421ED01860431E9841174B404218406B
:10768000164B1168C01802F051FAFA21144B890008
:107690001860040002F0D4FA1E23C8214343114AA3
:1076A00020001360490102F0CBFA0F4B186000F084
:1076B000C9FD10BD034B1860C0E7C04638820440C6
:1076C0000C80044070800440748004407880044042
:1076D000808004404001001000512502001BB700CB
:1076E000381C0010401C00103C1C001010B500F0AD
:1076F00043F8134A002113681B0B1B031360114A44
:1077000013681B0B1B0313600F4A13681B0B1B032F
:1077100013600E4A13681B0B1B03136001220C4BF2
:1077200019600C4B1A6019601A6019681142FCD07C
:107730002322094B01201A60FFF770FF10BDC046DD
:1077400000800050008001500080025000800350F3
:1077500040800440448004400880044010B5034B3E
:10776000034A04481A6000F0E2FC10BD441D0010FA
:10777000441C0010D2DA00004023044A11680B4375
:1077800013600122024B1A707047C046808004408B
:10779000481D00100E4B70B51B7804000E0015003C
:1077A000002B01D1FFF7E8FF631E022B0AD8094B1B
:1077B0002004C01801230268B340012D04D11343F3
:1077C000036070BD0348F5E79A430260F9E7C046DD
:1077D000481D0010008000500F4B70B51B7805004D
:1077E0000C00002B01D1FFF7C7FF0020032D0BD8A1
:1077F0002800012302F090F902090B0D074AA3406B
:1078000010681840431E984170BD054AF7E7054AC5
:10781000F5E7054AF3E7C046481D0010FC3F00505D
:10782000FC3F0150FC3F0250FC3F03500E4B70B533
:107830001B7804000E001500002B01D1FFF79CFF00
:10784000631E022B0AD8094B2004C01801230268CA
:10785000B340012D04D11343036070BD0348F5E725
:107860009A430260F9E7C046481D0010FC3F0050F3
:10787000084B70B51B7804000D00002B01D1FFF7F9
:107880007BFF182223689343236021680D43256002
:1078900070BDC046481D00103F224021044B1A60B5
:1078A000044B3E3A1A60044A13688B4313607047D6
:1078B00024800440D8800440388204404021044A97
:1078C00010B513688B431360FFF7E6FF10BDC04689
:1078D0003882044010B500F0F5FCFFF7E1FB002111
:1078E0000948FFF7C5FF00210848FFF7C1FF002145
:1078F0000748FFF7BDFF00210648FFF7B9FF002149
:107900000548FFF7B5FF10BD0840044000400440A3
:10791000AC400440144004401C40044010B5012019
:10792000F8F798FC10BD00008022124B10B5DA6702
:107930009218DA678022D200DA6780225201DA6771
:1079400080221201DA6780229200DA670023012187
:10795000094A49421360094A1160094A1360094AF9
:107960001360094A01331360084A1360FFF7D6FF1A
:1079700010BDC04604E100E00482044008820440D7
:1079800004C000403CC0004000C000400040014036
:10799000064A10B5136801331360054B1868FFF7EA
:1079A0003DFEFFF7C1FFC046C04610BD501D001090
:1079B00040010010F0B585B00C00019072B6FFF7E1
:1079C00089FF554B554D1A68554B1A60019B5A1E3D
:1079D00093413F225B429343524A9B18524A1360A1
:1079E0000423524A11680B43136000232B60A30742
:1079F0001AD04F4A4F4913680B40136029684E4B09
:107A0000A20700D482E0EC2252010A432A608022BD
:107A10001A6092181A608022D2001A6080225201E5
:107A20001A60802212011A60019B002B53D000249F
:107A3000424B434F434E3C601C60434B21001C6053
:107A4000424B30001C60FFF713FF22000921200089
:107A5000FFF7A0FE220009212000FFF7E7FE8021AA
:107A60003B4A3C4813680B4313600722336876395E
:107A7000934333603368053A13433360019B5843A3
:107A800002F054F80322344B34491860344B1C6024
:107A9000344B1A60344B1A680A4080211A601A6805
:107AA0000A431A608023244A21499B0013600A6814
:107AB0001A430A602A68022113432B6001232B4AD0
:107AC00013602B4A11602B4A136014601360116815
:107AD0001942FCD03B6001220021274B52421A6020
:107AE000264A13680393264B196062B630BFC0461E
:107AF00003991268914207D101221A60214B18683C
:107B0000FFF78CFDFFF710FF05B0F0BD80221201DA
:107B10000A432A6085E7C046388204400482044054
:107B200034820440FF1800003082044010ED00E071
:107B3000008204407FE2FFFF00E100E0040001401A
:107B400004C00040644004400440014004800140FF
:107B500080800440841E000018C000400FF0FFFF2A
:107B600008C0004014C000403CC000407880044081
:107B7000708004407480044008820440501D00104E
:107B80004C1D00104001001070B505000E0065246A
:107B9000013C002C07D031002800FFF70BFF024BFF
:107BA0001B68002BF4D170BD4C1D0010074B1A68E8
:107BB000013203D106490A6801320A601A680132AB
:107BC0001A60044A13680133136070475C1D00108B
:107BD000581D0010541D001080235B0498420AD2E7
:107BE0000023054A01381360044A1060044A1360F8
:107BF0000722044B1A6070475C1D001014E000E07F
:107C000018E000E010E000E00B4A1368002800D103
:107C10000130C143994209D2591C08181168994290
:107C200000D2704711688842FCD8F7E71168C91A7A
:107C30008142FBD3F5E7C0465C1D0010014B18687C
:107C40007047C0465C1D00100122034B1A60034AB6
:107C5000136801331360704700C00040601D0010BE
:107C60000122034B1A60034A136801331360704703
:107C700000000140641D00100122034B1A60034AFA
:107C8000136801331360704700400140701D0010FD
:107C900070B50124164B174A1C6013681B1913603A
:107CA000154B1A68002A13D01A68144D013A1A604D
:107CB0001E68002E0DD0210020002A68FFF7B6FDB7
:107CC0002B680221E31A2B6020002A68FFF7AEFD23
:107CD00070BD1B6821002B6020002A68FFF7A6FDFD
:107CE000022120002A68FFF7A1FD054B1E60EFE787
:107CF00000800140741D0010681D00106C1D0010F4
:107D0000048001400E22174B10B51B681340062B50
:107D100012D1154B90321B68134205D0134ADBB2C7
:107D20005360134B1B6810BDDB07FCD5104B186864
:107D3000C0B200F0A7F8F6E7042BF7D00C2B05D162
:107D40000A4AF43351680B435360ECE7022BEAD143
:107D5000054B1A68054B920602D500229A60E2E7AD
:107D60000122FBE70880004014800040781D0010CD
:107D70000080004000487047781D0010F7B5802251
:107D8000002107252A4B2B4C92030700019120006C
:107D9000DA67902200F0F7F9019B274EA360274B8A
:107DA0001A68AA431A600122196811431960244B0A
:107DB0001968A94319601968114319608023214982
:107DC0005B01086803430B601F4B1A60823232600C
:107DD0001E4A126819681E4B1868504301F0A6FE2F
:107DE0003900000901F0A2FE10221A4B1A491A604C
:107DF000030A0B600323194FC0B238606020336060
:107E0000174B1D60174B1A6801921A680240602ACE
:107E1000FBD15F3A1868104207D122708022124BC2
:107E200092031A6005230B60F7BD38680190F1E7F3
:107E300004E100E0781D00100C800040A4400440E4
:107E4000A84004408080044098800440788004402A
:107E5000381C001028800040048000400080004052
:107E6000088000401480004000E100E02023034926
:107E70000A681A42FCD0024B186070471480004018
:107E80000080004010B50400FFF774FF437BC31867
:107E9000DC73437B0133DBB243735BB2002B01DA4B
:107EA0000023437310BD70B504001D0000202E5C3C
:107EB0002318002E09D1121AD518EC1A002C07DC51
:107EC000D343DB171A40101870BD26540130EEE77B
:107ED00019700133F1E7F8B5541E0F001E000500BC
:107EE00023000100092E16D90A21300001F01EFEE0
:107EF0002200030039002800FFF7EDFF04002D18D1
:107F000030000A2101F098FE30312970601CF8BD64
:107F10000F70013B0131002BFADC0020824200DDB2
:107F200020002D18002A00DC0122541EE8E7F7B5D6
:107F30000E00D9175F18040001934F40551E092FFA
:107F400017D90A21380001F0F1FD019A0300002A37
:107F500000DA43422A0020003100FFF7E8FF050065
:107F6000241838000A2101F067FE3031681C2170A6
:107F7000FEBD019B002B00DA951E23006119CA1A71
:107F8000002A0CDCE843019AC017054064196B1CF9
:107F9000002AE6DA2D221D0022700134E1E71E706E
:107FA0000133ECE7F7B51E00089B1400013A1F09E6
:107FB00005001300002F11D033000097FFF7F2FFE8
:107FC0002D180F23089F1F40FAB2092F12D8303204
:107FD0002A700130FEBD0170013B0130002BFADC3C
:107FE0000020844200DD10002D18201E00DC01203E
:107FF0000138E6E7002E01D03732E9E75732E7E7EC
:10800000F0B505000F001C0085B0002801D000234A
:10801000037000261378002B00D16DE0B74204D81E
:108020000023013D2B70013E32E0252B04D00132AC
:108030002B7001360135EDE75178252902D12970E1
:108040000232F6E7931C0393302902D02021531CFF
:108050000393039B1B782D3B5A425341039AD31839
:1080600000220393039B1B7818003038092812D98B
:108070009019B84201D9BA1BD2B2692B1FD013D8BC
:10808000632B35D0642B1AD0582B2DD00126764285
:10809000300005B0F0BD0A2042439A18039B303AE5
:1080A0000133D2B20393DDE7752B11D0782B14D0B6
:1080B000732BEBD1280008CCFFF7F5FE03E0280076
:1080C00008CCFFF734FF039A2D1801323618A1E7C8
:1080D000280008CCFFF7FFFEF5E708CC009300234B
:1080E0002800FFF75FFFEEE708CC00930123F7E7D6
:1080F00008CC01202B70E6E7B74200D890E72B7040
:10810000C6E710B513000A006421FFF779FF10BD20
:1081100000B59BB00A00010001A8FFF7F2FF632839
:1081200000DDFEE701A800F0B1F81BB000BD0FB400
:1081300007B504A901C90191FFF7EAFF03B008BC24
:1081400004B0184770B506000E4303253400030041
:108150002C402E420FD1AA420DD90B5903510434A1
:10816000131B032BF9D80324131F9B0801339B0017
:10817000C9182240C3180024A24200D170BD0D5D71
:108180001D550134F8E770B5830704D003009A1831
:108190009A4217D170BD0300032AF8D90C040B06CC
:1081A00023430B430C0223430400861808C4351BE9
:1081B000032DFBD80324131F9B0801339B00C31816
:1081C0002240E4E719700133E2E710B5814208D29A
:1081D0000139431E002A00D110BD8C5C9C54013A29
:1081E000F8E78142F8D9002302E0CC5CC4540133A3
:1081F0009A42FAD1F0E7C9B203788B4200D17047B6
:10820000002B01D00130F7E71800F8E70300002049
:108210001A5C002A00D170470130F9E70023CA5CDC
:10822000C2540133002AFAD170470200002310B56E
:10823000D05CCC5CA04201D0001B02E001330028DE
:10824000F6D110BDFA21094B10B51868890001F06C
:10825000F7FCFFF7C1FC96200002FFF78FFD01201D
:10826000F7F7F8FFFFF7CEF810BDC046381C001036
:1082700010B5FFF73BFAFFF77FFAFFF71FFBFEF79A
:1082800085FEFFF76BFAFFF7DDFF10BD10B50400A8
:108290002078002800D110BD0134FFF7E7FDF7E793
:1082A000802210210820064BD2051160186080231F
:1082B0005B011068084202D0013B002BF9D17047E6
:1082C000180000408022164B120210B5DA676C22AB
:1082D000144B15481A60154B1968014019601A684B
:1082E00004211A60124B1A6802401A601A680020B2
:1082F0001A600122FFF74EFA012204210020FFF745
:1083000095FA012205210020FFF744FA01220521F8
:108310000020FFF78BFA0022064B1A6010BDC04602
:1083200004E100E018000040F8FCFFFF304004408A
:108330003440044004800440F8B50023164A174C2A
:10834000202123601360164A13608022D205116039
:10835000144A2168012907D0934203D1FFF7A0FFF7
:108360000020F8BD0133F4E79342F7D000250E4F0B
:108370003E68013E2368FF2B01D92068F1E73B6886
:10838000B34204D03E68FFF759FC0A300500FFF7FE
:1083900055FCA842EED1E1E7341E0010181E001073
:1083A000381E0010FF0F00003C1E001005B50846E7
:1083B0001A460ABDC20D4002400A0124E4052043CA
:1083C000FF2AD2B200D94042013AFE2A01D27E3AB7
:1083D00070470028204600D540427E3A9200803205
:1083E0007047C40FE40704D5002D00D0013040428F
:1083F00003D4013A001812D0FBD5813201D180306C
:1084000005D2803003D2002D0FD04000013AFE2A61
:1084100006DA013207DD400AD205104320437047D7
:10842000FF20C005FAE7002070470506EDD1400A9D
:108430008002EBE783B20C14634304148DB26C43E7
:108440001B1984B26C432504240C1B190014091455
:108450004843C002D9060D435911401870474200E5
:10846000120E01D0FF2A01D1C00DC0054A00120E24
:1084700001D0FF2A01D1C90DC9050122414009D40B
:10848000414000D55242884202DC00DB00225242C9
:10849000101E704701434918F8D00028F8DAF6E7B3
:1084A00000B5002805DB00F011F8002800DA0648C6
:1084B00000BD4000400800F023F8002801DB4042E6
:1084C00000BD0120C00700BDFFFFFF7F002110B5E8
:1084D000FFF770FF1300823310D40A44173A07DB0A
:1084E000072A19DDC117C9430120C007484010BD44
:1084F0005242202A00DB2022104110BD002010BD76
:10850000002110B5FFF756FF0A440100EED4173AD8
:10851000EEDBC143082AE9DC904010BD002230B5F3
:10852000002906D5CD0705434808013A10E000228E
:1085300030B505000D4315D0CD170C16AC4205D152
:10854000C901440E2143C0010732F6E705000800C7
:1085500052423D3204E0002130B51D22521A00255E
:10856000FFF73FFF30BD002130B50028F5DA1E22AD
:10857000521AC5074008F3E70025A4460DE000297C
:1085800002DC05E0002A03DA891B7F42121901E0B0
:108590008919121B64466743C01B10CB640800D2C4
:1085A000013506462E410F462F4164087047C0B57D
:1085B000FFF7E2FFFFF7E6FFFCD386138F13D2101D
:1085C000564357436446674336133F13C01B89190C
:1085D000C0BDC0B5FFF7D0FFFFF7D1FFFCD3002926
:1085E00002DC8919121B01E0891B12197610641034
:1085F000F5D1EDE730B51821FFF769FF6E4C24097E
:10860000001BFDDA0019FDD48200650065480021D9
:10861000A24202DB521B4042FAE7D20066A30124C9
:10862000FFF7C5FF093100220023002500F00CF8F8
:10863000FFF7D7FEFFF7BAFE00F006F88FE700B5A8
:10864000FFF7D8FF084600BD01246407A04203DC01
:108650006442A04200DD70472000704770B5FFF70C
:10866000C9FF94E130B51821FFF731FF01144E4ADC
:108670004A43121581014D485043091A012521A38F
:108680000120400710CB0C1B03D421000400EC4058
:10869000604101350F2DF5D1C30B4B43DB0B584126
:1086A0005DE730B5C11528D427D0FF2927D0FFF7C3
:1086B00081FE01323D4B990B5143091453438C0702
:1086C0001B1B000201250FA40200EA40424102D216
:1086D000100022689B1A043401350F2DF4D180104C
:1086E0001818002904D1401049074018002236E725
:1086F000090680114841052231E72D4830BD2D483B
:1087000030BDC046ED23F319E4FB470EDCC18907F9
:108710001846E103B129F8014605FE00AA807F0052
:1087200015E03F0003F81F0000FE0F0080FF070068
:10873000E0FF0300F8FF0100FEFF000030B5FFF787
:1087400039FEFFF733FEFFF735FE40014901D4182B
:10875000641201340AD4D41A05DA644220411C2C74
:108760000CD3C0170AE021411C2C07D3002803DAE0
:108770001148C917484013E0C81711E0002200282B
:1087800002DA404249420C4A0BA30124FFF721FFC1
:108790001046094A841802D2841A00D4A01A01385B
:1087A0000022DCE6B49D6E1315170000FE855C2CDC
:1087B000000080FF0000807F51ED87640CCE583BA5
:1087C000F8755B1F4CDDEA0FEC56FD07B8AAFF03F6
:1087D00054F5FF01ACFEFF00D4FF7F00FCFF3F001B
:1087E000FCFF1F000000100002000800114A514069
:1087F00070B5C4174200120E55D0FF2A56D0CD17BF
:108800004B001B0E55D0FF2B56D00B4E3040314045
:1088100001363043314360406940001B491B9D1ABB
:10882000D41A11D41E2C0CDA203513000A00AA40E9
:1088300021410FE000000080FFFF7F0000220800C0
:108840000AE01300002207E01E2DF7DA20340200B0
:10885000A2402841401819D0C10F03D0C043524252
:1088600000D10130B619B04204D292184041013B08
:10887000B042FAD3400802D30130002A09D0FE2BBF
:108880000AD2C9070844DB05184470BD002AFCD091
:10889000E2E740084000F2E701DAC80770BD0802CD
:1088A000FF30C00570BD203A1219A8E71202224419
:1088B000A5E7203B5B19A8E71B022B44A5E7C046B0
:1088C00080B502464A40D20FD20796464000490082
:1088D000020E3DD0FF2A3CD00B0E3CD0FF2B3BD0EC
:1088E000D718803F00020902400A490A42189446FC
:1088F000C209CB095A434843920C02D3002800D442
:1089000001324302C00D520280186044C10D0ED1E5
:10891000FE2F2BD25B0001D305D001300137FF05BC
:108920003844704480BD013040084000F6E701370C
:10893000FE2F13D2400802D30130002B05D0FF19BF
:108940000137BF053844704480BD40084000F6E759
:10895000103A1202C0E7103B1B02C1E712DA0137DE
:108960000ED10230C00D03280AD105E00ADA013722
:1089700006D10130C00D03D00120C005704480BD78
:10898000704680BDFF20C005704480BD70B50124D5
:10899000E4054A02520A2243930C25A5EB5C5501DB
:1089A0005D43AD13EE127643AD1B5D431E026D13A6
:1089B00001356D10751BC60DF3B24002400A20430D
:1089C000C90D4E40360AF607C9B2002930D0FF293A
:1089D0002CD0002B39D0FF2B2AD05B1A7D33010A13
:1089E0006943090CC00314004C43041BA4126C43DC
:1089F0002414490309190C0F08D105310C090FD3B0
:108A0000C90880025143401A0AD408E001330931F1
:108A10004C0905D3090940025143401A00D40134DE
:108A2000FE2B09D2D9056018801970BDFF2B0CD11F
:108A3000FF20C005304370BDFADA591C05D1610E24
:108A400003D30120C005304370BD300070BDC04667
:108A5000FCF5EDE7E0DAD5CFCAC5C1BCB8B4B0AC1F
:108A6000A9A5A29F9C999694918E8C8A87858381D3
:108A700010B441003AD20902490A0122D2058918EC
:108A8000C20D3AD0FF2A36D07D32521000D34900B1
:108A90001AA44B0DE45CC8096043604300136043B3
:108AA00040132402241AAA3420004043C00B0B0AAE
:108AB0005843001360434015241A6343DB0B18002E
:108AC00040434902081A40114443DB01E0131030CF
:108AD0008011034406D31C46644164430904091B06
:108AE00000D40133D205D01810BC7047090E04D051
:108AF000C017C005F8E7C00DFBE7C00FC007F3E7DC
:108B0000F1DAC9BBB0A69E97918B8682F0B501249D
:108B1000E407634001E0C046F0B50C0DCF0F661EC0
:108B20003605891B640503D3C943404200D3013194
:108B3000640D03D0661CF60A07D0E41B00207F00FA
:108B4000791C89078912803C24031D0DDF0F6E1EDE
:108B500036059B1B6D0503D3DB43524200D3013323
:108B60006D0D03D06E1CF60A07D0ED1B00227F00AE
:108B70007B1C9B079B12803D2D032F1B661B58D42B
:108B8000A446202E46DA20371400BC401D00BD400C
:108B9000F24033412A4380185941CB0F05D0C943D5
:108BA000C043002264425041514162464D0D28D1DC
:108BB0000D0D07D100281FD0241940414941013A29
:108BC0000D0DF9D0640006D3013000D30131002C23
:108BD00001D140084000013A0BD4941CE40A04D1AE
:108BE00012051144DB071944F0BDD907204B194386
:108BF00000E0D9070020F0BD0029DDD1002CDBD139
:108C0000F0BD0132C6074008CD0728434908002EB1
:108C1000E1D0D9E73C2E29DA203E40371400BC4091
:108C200000D00124F24014431A00BB401C43D31768
:108C3000ACE7AC46202F08DA20360400B4400D0023
:108C4000B540F84039412843A5E73C2F0CDA203FD6
:108C500040360400B44000D00124F840044308002A
:108C6000B1400C43C117EAE710001900002494E753
:108C70000000F07FF0B50C0D661E3605891BE60A74
:108C80006405640D02D0651CED0A04D000200121AA
:108C90000905803C2403A4461C0D671E3F05DB1B11
:108CA000E70A6405640D02D0651CED0A04D00022B9
:108CB00001231B05803C24037740644497B484B2AD
:108CC00096B27443070C7E43150C6F4380B2684321
:108CD000361802D3012000043F183004350C001967
:108CE0007D41844688B29AB250430C0C62431F0CFB
:108CF0007C438EB27E43921902D301263604A41916
:108D00001604170C3618674101BC81B29AB2514360
:108D1000040C62431B0C5C4380B25843121802D30C
:108D20000120000424181004130C401863412D186E
:108D30005E410020474106BC88B293B258430C0CF8
:108D40006343120C544389B251435B1802D301218F
:108D50000904641819041A0C091862416D18564167
:108D60000020474118BCF902720D1143F0026A0D50
:108D70001043ED020A0D03D16D1940414941013BF9
:108D8000124E9B1B7600B3420ED26D0007D301300A
:108D9000002671416646354301D1400840001B055D
:108DA000C918E4072144F0BD0BDA013306D10130C4
:108DB00004D101314F0D01D04908F2E7E10700204D
:108DC000F0BD013631050020EBE70000FF03000095
:108DD000F0B51C0D671E3F05DB1BE70A6405640D3B
:108DE00002D0661CF60A04D0002201231B05803C39
:108DF0002403CE0FF619B44649004F0D02D07E1C55
:108E0000F60A03D000200021403F3F033E1BB6007E
:108E1000B444013F7F05C91B4908DC0BA94D2C5DFB
:108E20001D026543AD13EE127643AD1B6543E601AB
:108E3000AD1301356D10761B9C02950D25437543CE
:108E4000ED137543AD1301356D10F603761B0CB4AD
:108E5000CC02450D2C43A2B2B3B25A43270C7B433C
:108E6000350C6F43A4B26C431B1902D301242404B4
:108E70003F191C041D0CA4187D4124196D41009A52
:108E800091B2ACB26143170C7C432B0C5F4392B29E
:108E90005A43A41802D301221204BF182204230C3F
:108EA00052187B41019C6C431B19520ED9010A4395
:108EB0004401A01A81B2B2B2514303145A43360C92
:108EC000734387B27743D617D21900277E41360401
:108ED0009B191704160C7F185E417316ED18F301E9
:108EE000002680337541A90F06D16400690AE805A0
:108EF0005B0A184309D22FE0042294448033754161
:108F0000A90AA8059B0A184326D3404149412404D5
:108F1000009A019B0D005543641B4343E41A95B22C
:108F200086B27543170C7E43030C5F4392B25A43DB
:108F3000B61802D301221204BF183204330C52199E
:108F40007B4152429C41002C02D40022013051410D
:108F50004008CA071043490802B06246D70792107A
:108F6000594BD218594B9A4203D212058918C91984
:108F7000F0BD0020002A01DC3900F0BD01331905E5
:108F8000F5E707DA002107E0C90FC907520D03D042
:108F9000C91201E04E490905002070474A00F3D28A
:108FA000520D013A494B9A42EBD2F0B51405091B18
:108FB000520801D3001849419B08D2181205944663
:108FC00042A44A0CA25C0B09534353431B13534363
:108FD0005B131202D21A13005B435B0B4C08634312
:108FE000DB135343DB1501335B10D21A130CD21A77
:108FF00013005B438902840D21438DB29EB27543F9
:109000000F0C7E431B0C5F438CB25C43361902D3BA
:10901000012424043F193404330C64197B419D015D
:10902000A40E2C432034A5B25543241454432D0CD4
:109030006419A411D203121B95B28EB27543170C9A
:109040007E430C0C674393B26343F61802D30123AB
:109050001B04FF183304340C5B197C41DB1864419A
:10906000DB18002363419EB276439DB21F0C7D4303
:109070007F436C04ED0BA4197D4106028F08361B5B
:10908000AF417D07F6086E41B4B295B26C43371418
:109090007D43120C5743B6B25643EA17AD1900266A
:1090A00072411204BF182E042A0C36197A41083274
:1090B00052111BD29D0A9C05D117101969416144B8
:1090C000F0BD0000308A0000FD030000FE07000034
:1090D000FF070000F8EBDFD6CDC5BEB8B2ADA8A43F
:1090E000A09C9995928F8D8A8885838152415D0AD3
:1090F000DC05D11714194D412B006343A6B276430A
:10910000A2B2270C7A437F435104D20B89197A41CA
:10911000D218D21880054942904102D4002301346C
:109120005D4160086908ED0728436144F0BDD0B592
:10913000CD4F4C00640D01D0BC4202D10020090D7E
:1091400009055C00640D01D0BC4202D100221B0D58
:109150001B0501264B400CD44B4000D5764299426A
:1091600003D1904203D801D3002600DC7642301EA2
:10917000D0BD0B43DB1803431343F5D00029F6DAC7
:10918000F4E744464D4656465F46F0B47047F0BC9F
:10919000A046A946B246BB467047624618CA9446E6
:1091A0005A46002A20DB04E0624618CA9446002989
:1091B0001ADAC01861415B463B415C46B4405246F6
:1091C000FA40224344464D4662416B4190469946DF
:1091D0002B46B3403D41FC401C4352465B46A241F6
:1091E000AB4192469B467047C01AA1414B463B415A
:1091F0004C46B4404246FA40224354465D466241E2
:109200006B4192469B462B46B3403D41FC401C437C
:1092100042464B46A241AB419046994670470020DA
:109220000021704700290CDA00B54900490800F018
:109230000FF80121C907884201D8404200BD084605
:1092400000BD002200B5203200F04FF8080000BD3C
:10925000002200B5203200F055F8080000BD0028BB
:1092600010DA00B54000400800F011F80122D207E2
:10927000914204D2C943404200D3013100BD0020D5
:10928000114600BD002100B500F004F830E00021D7
:10929000C315C4D410B58C46C3174000020E0AD0C3
:1092A000FF2A0CD0511E7F3A0906401A5840C01AB6
:1092B0000111000731E000200100030010BDD84378
:1092C000D94310BD00290FDA00B54900490800F064
:1092D00018F8002904DBC943404200D3013100BD26
:1092E00000200121C90700BD002200B500F00CF8E4
:1092F000CA179A4200D100BDD8430121C907414095
:1093000000BD00220B158AD410B5944600F0B8F8C1
:109310001414013400DA0021CB176244343A0CD41F
:109320000C2A07DA04009140904052422032D44087
:10933000214310BDD843D94310BD203207D40C4679
:109340009440524220321141D040204310BD0800C9
:10935000C917203203D452422032104110BD1800E8
:10936000190010BDC30FDB0741000A0E07D0FF2A0A
:1093700008D009093D4A8918194340077047190068
:10938000002070473A49C918FAE74A00520D394B94
:10939000D21A13DDFF2A1EDAD205CB0FDB071A43E0
:1093A000C300400F0903490A084310435B0001D37F
:1093B00001D0013070474308FBD2704702D0C80F7C
:1093C000C00770470A0312130132F8D1420F072A6F
:1093D000F5D1012200E0FF22C80F00028018C0056D
:1093E000704700210A00002104E000210A00C11793
:1093F00003E00022002305E00022CB17584059402B
:10940000C01A994130B51C4CA21A002903D10100A1
:1094100010D00020203A4C1512D104D2013A001885
:1094200049414C0DFAD3154CA24204D212058918B9
:10943000DB07C91830BDD243520D00200021F5E7EB
:1094400003D4013A00184941FBD50B324405C00A48
:109450004D052843C90A640003D0002460416141DE
:10946000E1E7E0D34408F8E7FF0700000000003818
:109470000000F07F8003000032040000FE070000BF
:109480000A0DCC0F531E1B05C91A520503D3C9433D
:10949000404200D30131520D03D0531CDB0A07D0E8
:1094A000121B00206400611C89078912803A120394
:1094B000624BD21A7047023225D40C2A1CDA1125CD
:1094C000AD1A0B002B41083207350600EE409040E4
:1094D00091403143F0CC63431A1500235A41554360
:1094E00056435743BF02F412760576196741ED17CC
:1094F0007F19801BB94170470C220020C917490011
:1095000001310905DBE70902030E1943000253424A
:10951000203208D40C0019419440D8402043002246
:109520005041514170470800C917203B2032F1D506
:109530000020002100227047F0B5FFF722FE00F066
:109540001DF8844600F03EF803B4604600F058F879
:109550000CBCFFF71CFE3CE4F0B5FFF712FE00F078
:109560000DF800F02FF806E0F0B5FFF70AFE00F066
:1095700005F800F045F8FFF70AFEF0BD00B5FFF76B
:109580007FFF31A4FFF797FF00242D4D2D4ED2070A
:1095900002D3F6436D426641520004D2A246A3466E
:1095A000A846B14603E0A046A146AA46B3466FA42A
:1095B000A44601271F26FFF7F7FD0137013E212FA3
:1095C000F9D100BD594684B28DB26C43061475437F
:1095D0000B145E4382B25A43AD18EA1700D7D24348
:1095E0001204B6182A042B0C12197341404649463E
:1095F0009D009B17920F2A43904199413E22FCE621
:10960000494684B28DB26C43061475430B145E4315
:1096100082B25A43AD18EA1700D7D2431204B618E3
:109620002A042B0C12197341504659469D009B1772
:10963000920F2A43504159413E22DEE6FF030000CB
:10964000BB4DF09DC556F6367D5100001A611400E1
:1096500085880A00FB211900F0B5FFF792FD404D07
:109660000C002C4001D0AC4202D1090D09050020AC
:109670001C002C4001D0AC4202D11B0D1B05002266
:109680000026ED02002B04D502266B40694000D471
:1096900076424F1904D599420CDD0136694003E04A
:1096A000BB4207DA013E6B40070010003A000F0092
:1096B00019003B0040B4002A0FD1002B0AD05C00F7
:1096C0006415013409D14C006415013402D101390B
:1096D000013B02E0002000212EE0FFF779FB3E2253
:1096E000FFF703FE82468B460020002180460122C0
:1096F000920791461DA4A44601271F26FFF74DFDA2
:109700000137013E212FF9D14A4653460C3A012434
:109710006407002752081B0005D4934100197941C2
:109720006408F7D104E05341001BB9416408F1D14A
:10973000CE0749104008304340BC002E0AD0094CE7
:10974000094D01D5E443ED43F60701D10019694104
:10975000001969413D22FFF750FEFFF718FDF0BDEB
:109760000000F07F8D305A88A8F64332694FBB6104
:109770000567AC1DB16E4096FCBAAD0F72DB0BAB4A
:10978000A66EF50739BD9FE576ABFE034B6297BA2F
:109790005BD5FF01D694DBDDAAFAFF005DEAEE5649
:1097A00055FF7F006E77B7AAEAFF3F00BCBB555557
:1097B000FDFF1F00DEADAAAAFFFF0F006F5555F594
:1097C000FFFF0700ABAAAAFEFFFF03005555D5FF18
:1097D000FFFF0100ABAAFAFFFFFF00005555FFFF96
:1097E000FF7F0000ABEAFFFFFF3F000055FDFFFFDA
:1097F000FF1F0000ABFFFFFFFF0F0000F5FFFFFFA3
:10980000FF070000FFFFFFFFFF0300000000000054
:109810000002000000000000000100000000000045
:109820008000000000000000400000000000000078
:1098300020000000000000001000000000000000F8
:10984000080000000000000004000000000000000C
:109850000200000000000000010000000000008085
:10986000000000000000004000000000F0B5FFF71D
:1098700007FE54A4FFF71FFE002904DA204C214DF7
:1098800000196941013A04B4012752A600220123BC
:109890009B0730CEB446001BA9410BD47E42203634
:1098A0001D003D411C00B4401600FE40344362419F
:1098B0006B4101E00019694166460137212FE8D16B
:1098C00085B29EB2754307147E43190C4F4384B290
:1098D0004C43F11736190024614109047F18340400
:1098E000310C64197941A40F88002043891780182E
:1098F000594104BC52423E32FFF77FFDF0BD0000EB
:109900006BDE73F4FD855C2CF0B54F0050D27F15F3
:109910004ED001374FD0FFF7B3FD04B44902C20D5A
:109920001143400201272BA6B446002200237E42A9
:1099300020360D003D410C00B4400600FE4034438B
:1099400044414D41AE0F05D120002900664630CE7E
:10995000121BAB410824A4440137212FE7D1890011
:10996000891012184B4180BC17A413CC01377843DF
:1099700079437C434F05C912CD17C0196941A7022D
:10998000A415CD17C9196C41DD17801859416C41D8
:109990003E22CD17AC4208D000090E07304309091A
:1099A000260731432411043AF3E7FFF726FDF0BD03
:1099B00002490020F0BD02490020F0BD0000F0FF88
:1099C0000000F07FAAB800006BDE1300A3EF0F00C9
:1099D00021170B00F34B98BFEC23F319D6104DCD94
:1099E000E3FB470E7AB9BC8ADBC18907CC542C0251
:1099F0001846E103053083E7B029F8011E1FE08710
:109A00004505FE00249E41ACA9807F008117624578
:109A100015E03F00E610ABA902F81F008858455535
:109A200000FE0F00C4AAA90A80FF07005645550191
:109A3000E0FF0300ABA92A00F8FF0100455505002F
:109A4000FEFF0000AAAA0080FF7F0000551500E07D
:109A5000FF3F0000AB0200F8FF1F0000550000FEB2
:109A6000FF0F00000B0080FFFF0700000100E0FF78
:109A7000FF0300000000F8FFFF0100000000FEFFF0
:109A8000FF0000000080FFFF7F00000000E0FFFFFC
:109A90003F00000000F8FFFF1F00000000FEFFFF76
:109AA0000F00000080FFFFFF07000000E0FFFFFF46
:109AB00003000000F8FFFFFF01000000FEFFFFFFB2
:109AC00000000000000000800000000000000040D6
:109AD00000000000FEE7FEE710B50A4A0A4B0B49FA
:109AE0008B4207D300210A4B0A4A934207D3FBF764
:109AF00017F9FEE71078013218700133F0E719709A
:109B00000133F2E724DB00000000001044010010E4
:109B100048010010401E001002B471464908490077
:109B2000095C49008E4402BC7047C04600224308CD
:109B30008B4274D303098B425FD3030A8B4244D315
:109B4000030B8B4228D3030C8B420DD3FF22090257
:109B500012BA030C8B4202D31212090265D0030B16
:109B60008B4219D300E0090AC30B8B4201D3CB030C
:109B7000C01A5241830B8B4201D38B03C01A52414E
:109B8000430B8B4201D34B03C01A5241030B8B4250
:109B900001D30B03C01A5241C30A8B4201D3CB023B
:109BA000C01A5241830A8B4201D38B02C01A524120
:109BB000430A8B4201D34B02C01A5241030A8B4223
:109BC00001D30B02C01A5241CDD2C3098B4201D33B
:109BD000CB01C01A524183098B4201D38B01C01AB9
:109BE000524143098B4201D34B01C01A5241030930
:109BF0008B4201D30B01C01A5241C3088B4201D3DF
:109C0000CB00C01A524183088B4201D38B00C01A8B
:109C1000524143088B4201D34B00C01A5241411AB2
:109C200000D20146524110467047FFE701B50020BF
:109C300000F0F0F802BDC0460029F7D076E7704783
:109C400003460B437FD4002243088B4274D303099D
:109C50008B425FD3030A8B4244D3030B8B4228D33E
:109C6000030C8B420DD3FF22090212BA030C8B4264
:109C700002D31212090265D0030B8B4219D300E004
:109C8000090AC30B8B4201D3CB03C01A5241830B89
:109C90008B4201D38B03C01A5241430B8B4201D339
:109CA0004B03C01A5241030B8B4201D30B03C01A62
:109CB0005241C30A8B4201D3CB02C01A5241830ADC
:109CC0008B4201D38B02C01A5241430A8B4201D30B
:109CD0004B02C01A5241030A8B4201D30B02C01A35
:109CE0005241CDD2C3098B4201D3CB01C01A52419C
:109CF00083098B4201D38B01C01A524143098B4225
:109D000001D34B01C01A524103098B4201D30B010D
:109D1000C01A5241C3088B4201D3CB00C01A524132
:109D200083088B4201D38B00C01A524143088B42F7
:109D300001D34B00C01A5241411A00D20146524190
:109D4000104670475DE0CA0F00D04942031000D3AF
:109D50004042534000229C4603098B422DD3030A04
:109D60008B4212D3FC22890112BA030A8B420CD314
:109D7000890192118B4208D3890192118B4204D33D
:109D800089013AD0921100E08909C3098B4201D3BD
:109D9000CB01C01A524183098B4201D38B01C01AF7
:109DA000524143098B4201D34B01C01A524103096E
:109DB0008B4201D30B01C01A5241C3088B4201D31D
:109DC000CB00C01A524183088B4201D38B00C01ACA
:109DD0005241D9D243088B4201D34B00C01A5241A1
:109DE000411A00D20146634652415B10104601D32E
:109DF0004042002B00D54942704763465B1000D3B8
:109E0000404201B5002000F005F802BD0029F8D05D
:109E100016E770477047C0468446100062468C467D
:109E20001900634600E0C0461FB500F0A5F9002800
:109E300001D40021C8421FBD10B500F0F5F8404222
:109E4000013010BD10B500F097F9002801DB0020AB
:109E500010BD012010BDC04610B500F08DF90028DE
:109E600001DD002010BD012010BDC04610B500F07E
:109E70001DF9002801DC002010BD012010BDC046E6
:109E800010B500F013F9002801DA002010BD012000
:109E900010BDC046002B15D1002A13D1002906DBC6
:109EA00001DC002806D00020C043410802E08021E8
:109EB0000906002007B4024801A14018029003BD22
:109EC00055FFFFFF03B4684601B5029800F08EF815
:109ED000019B9E4602B00CBC7047C046F0B5CE4612
:109EE000474680B5070099463B0C9C4613041B0C63
:109EF0001D000E0061460004140C000C45434B434A
:109F000060436143C0182C0C20188C46834203D94F
:109F100080235B029846C444494679437243030C4C
:109F200063442D042D0CC918000440198918C0BCC5
:109F3000B946B046F0BDC04670B500220C4B0400D7
:109F40000D00FFF79DFF002804D12000290000F03C
:109F500075FF70BD064B00222000290000F0DCFBDD
:109F600000F06CFF80231B069C466044F1E7C0466E
:109F70000000E04170B505000C000022002328001D
:109F80002100FFF75FFF002808D12800210000F022
:109F90000FF802000B001000190070BD80231B0693
:109FA000E118280000F004F8002342428B41F2E758
:109FB00070B500220B4B0D00040000F041F9FFF7D3
:109FC000BBFF060000F0A0FF0022074B00F038F9AD
:109FD00002000B002000290000F09EFBFFF7ACFF01
:109FE000310070BD0000F03D0000F041F8B5CE46F4
:109FF000474680B59146984604000D0000F0C8FF22
:10A0000007000E0002000B0048464146FFF766FFBE
:10A01000241A8D41089B380031001C605D60C0BC73
:10A02000B946B046F8BDC046F0B54E464546DE4698
:10A0300057469046E0B517001A03120B05008446F8
:10A0400019480E034C0091465A00DB0F9B46360B15
:10A05000640DC90F520D844219D0824210D00120E4
:10A0600094420ED14E450CD10120C44509D1594529
:10A0700017D0002C05D130002843431E984100E042
:10A080000120F0BCBB46B246A946A046F0BD330055
:10A0900001202B43F5D1A242F3D14B463B43F0D1F3
:10A0A000E2E70020EDE7C046FF070000F0B54746B5
:10A0B000CE460400180016001B031B0B2D4D4A0052
:10A0C000994680B543000F03A446B0463F0B520D9E
:10A0D000C90F5B0DC00FAA4221D0AB4213D0002A9A
:10A0E00022D13C43002B02D14D462E4322D0002CDE
:10A0F00010D0814222D00220013908400138C0BC72
:10A10000B946B046F0BD4D462E4329D1002AF0D1C4
:10A110003C43EED10028F2D101204042EFE73D0060
:10A1200025431DD19342EED0002BE2D14C4626436D
:10A13000DFD1E0E70020002CE1D0DCE79A420ADC26
:10A14000E8DB4F45D7D80ED000204F45D7D20029A5
:10A15000E2D00800D3E74342584140000138CEE73F
:10A1600002204042CBE7C445C5D80020C445C6D232
:10A17000EDE7C046FF070000F0B54746CE460400B5
:10A18000180016001B031B0B2C4D4A00994680B586
:10A1900043000F03A446B0463F0B520DC90F5B0DA1
:10A1A000C00FAA420DD0AB4210D0002A27D13C43A9
:10A1B000002B11D14D462E430ED10020002C15D07E
:10A1C0000EE03D00254310D1934218D14D462E4359
:10A1D0000BD1002A02D13C43002C0BD0814214D079
:10A1E000022001390840013800E00220C0BCB94615
:10A1F000B046F0BD0028F9D101204042F6E7002B1F
:10A20000ECD14C462643E9D1EAE79A4204DD4342C9
:10A21000584140000138E9E79A42EBDB4F45DFD86F
:10A2200006D000204F45E1D20029E5D00800DDE747
:10A23000C445D5D80020C445D8D2F5E7FF070000B3
:10A24000F0B557464E464546DE46E0B598460C0307
:10A250004B000600924687B0240B5B0DCF0F002BFE
:10A2600000D15CE1D94A934200D175E1420FE4008C
:10A270001443802212041443D54AC5009446634413
:10A280000093002399469B46434642461E03D20F45
:10A290005B0050469046360B5B0D00D120E1CB4A67
:10A2A000934200D162E1CA49420F8C46009963444F
:10A2B000F6008C46164380229C44120463461643E3
:10A2C000C200002000930099434601318C46494664
:10A2D0007B4001930F2926D8BE4B890059588F46E1
:10A2E000434601933400150083465B46022B16D08B
:10A2F000032B00D103E2012B00D0CDE0002200248B
:10A300000025019B12052243DB071A432800110098
:10A3100007B0F0BCBB46B246A946A046F0BD00243B
:10A320000025AA4AEDE7280C2D042D0C2B00110C5A
:10A330001204120C5343984613002F0043439946CE
:10A340004F434F44BB4647460B003F0CBA4643437E
:10A35000DA440293D14504D980277F02B9464B44A1
:10A36000029353461B0C9B4653461F0443461B0453
:10A370001B0C98463B0043440493330C3604360CC4
:10A380009846330043439946434643432F009A4639
:10A39000434677435D43380C4D444519A94503D9DD
:10A3A00080235B029946CA443F04280C3F0C2D04CD
:10A3B000ED19270C2404240C0300200050437A4399
:10A3C00091463A0053440593030C9A464A4361432D
:10A3D00049445144AB44894503D980235B029946E3
:10A3E0004A4400040B0C000C09040918200099468B
:10A3F000434670435C437E435F43030C9846A41975
:10A4000044444A440397A64204D980235B029846F9
:10A41000474403972304029E9A46059B5E44984650
:10A42000AE42AD4176188E4289410004000C504482
:10A4300040446D424719B846934649428946C34451
:10A44000D94498428041A845AD4193459241894500
:10A4500089416D4240422843240C524249420A43FA
:10A46000039B00198018C7184B46DC0D049B75022E
:10A470001D436A1E95414B46F60D7F0235435A0235
:10A480003C431543FB0100D41CE101216A080D4047
:10A490001543E207154364084F496144002900DC75
:10A4A000B0E06B0709D00F222A40042A05D02A1DEC
:10A4B000AA42AD416D4264191500E30104D5802123
:10A4C000464AC90014406144454A914200DD26E7EE
:10A4D0006207ED08640249051543240B4A0D10E795
:10A4E0005246324300D17FE0002E00D1DCE0300044
:10A4F00000F030FD02000B3A1D2301009B1A52466A
:10A500000839DA408E40164352468A40009B35494E
:10A51000181A03008C46634400200093D3E62500FC
:10A5200005434AD0002C00D1B0E0200000F012FD1D
:10A53000010002000B391D2310005B1A31003500A9
:10A5400008388440D94085400C432648831A00933C
:10A55000002399469B4697E60500254326D108220D
:10A5600000930223002491469B468DE65246009BB1
:10A57000324310D1154900268C4663444946009366
:10A5800002231943894602209DE65B460197022B70
:10A5900000D0ADE6C3E60D4A0320944663444A4624
:10A5A000009303231A43914652468CE60C220093F3
:10A5B0000323050091469B4666E604239946002343
:10A5C0000093013300249B465EE6C046FF0700006F
:10A5D00001FCFFFFDCDA0000FF030000FFFFFFFECD
:10A5E000FE0700000DFCFFFF494601231943894681
:10A5F0000026012067E6002380240025434A0193BA
:10A6000024037EE60120401A382800DD76E61F2864
:10A610005BDD1F2223005242511ACB401900202833
:10A6200003D03B4A6244944025436A1E95412A0068
:10A630000A4307210D000024154011425BD00F2171
:10A6400000241140042953D0111D914292415242DD
:10A65000A4180A0023024BD501220024002550E64D
:10A6600080231B031C4209D01E4207D133431C0325
:10A6700043461500240B254A019342E6802212032B
:10A6800014432403214A240B01973AE600F062FCAC
:10A6900001000200153120321C2900DC4BE7340098
:10A6A00008380025844050E700F054FC03001A00ED
:10A6B000153220301C2A00DC1EE75646083B0022DB
:10A6C0009E4023E7009B9C46E6E612492200614437
:10A6D0002E008D408A40C640691E8D4132432A4378
:10A6E000C4405307B6D00F2111400429ACD1B1E7C3
:10A6F00065076402240BD2081543002201E680227C
:10A70000120314432403014A240BFAE5FF07000057
:10A710003E0400001E040000F8B557464E4645466C
:10A72000DE46E0B51E0017004A000B03520D5B0A1F
:10A730009046420F1A43CD0FCD4C3103C3009446CF
:10A7400070007A0F490AFF009A46B946400DF60F8D
:10A750001143A04200D1B1E001225640B346B542B8
:10A7600000D188E04246121A002A00DCAEE0002840
:10A7700000D1C1E0BE48804500D151E180200004F5
:10A780000143382A00DD7BE11F2A00DDEEE12020B5
:10A790003E00801A0C00D640D1408740624684407B
:10A7A000521A781E8741944634432743DC1BA34248
:10A7B0009B4162465B42D31A99464B461B0200D42A
:10A7C00018E14B465802430A99464B46002B00D1EC
:10A7D00037E1484600F0BEFB010008392023220083
:10A7E00048465B1ADA4088408C404346104388450F
:10A7F00000DD36E1C91A4B1C1F2B00DDEAE02022E8
:10A800002600D21A01009440DE40D8400023914037
:10A81000621E94418146984631430C43630709D038
:10A820000F232340042B05D0231DA342A4416442DF
:10A83000A1441C004B461B0200D4DEE041468C4B79
:10A840000131994200D1E7E04B468A48E4080340D1
:10A85000180049055B07400223434A0D040B12050B
:10A86000ED0722432A4318001100F0BCBB46B24654
:10A87000A946A046F8BD4246121A002A52DD002819
:10A8800000D19CE0A04500D1CAE080200004014333
:10A89000382A00DD49E11F2A00DC97E110000E0094
:10A8A0002038C640202A04D04020821A91400F430D
:10A8B000B9464C46621E944134433AE10A003A4399
:10A8C00028D0B346B5422BD06B4A4244002A5DD013
:10A8D00042464446821A002C00D0F5E065461D43EE
:10A8E00000D19CE1551E012A00D1FBE1604CA2423F
:10A8F00000D1BDE12A00F0E00800384300D1C3E0F8
:10A90000501E012A00D1A8E1594CA24200D187E093
:10A91000020036E701225640B346B54200D021E797
:10A92000554A4244002A00D1B5E042464446821AC4
:10A93000002C00D138E14E4EB04200D1DEE180263D
:10A94000644636043443A446382A00DD96E11F2AC3
:10A9500000DD24E22026B41AA24664465646B440DE
:10A96000A1461C004E46D440264334005646B34010
:10A970005E1EB3411C436346D340C918E419BC4270
:10A98000BF417F42B94680468944D8E040463B4CAF
:10A990000130204200D0B4E04046002800D044E11D
:10A9A0006046184300D190E10800384300D0AAE186
:10A9B0006146DB0849070B436146CC0827E00800E5
:10A9C000384361D0501E012A00D139E1A24227D07C
:10A9D00002005DE702001F39CA401100202B03D09E
:10A9E0004022D31A98400443631E9C410023994699
:10A9F00098460C43630700D012E74B464A46E408EA
:10AA00005B072343D408424619498A420ED02403E7
:10AA10005205240B520D22E70A00002400231EE7F2
:10AA2000DB086246520713436246D4081A002243E9
:10AA300000D1FCE180221203144324030C4A240BAE
:10AA40000DE7200000F086FA010018311F2900DC14
:10AA5000C4E608388440434620000024884500DCD2
:10AA6000C8E6044A5B1A104098468146D6E6C046BE
:10AA7000FF070000FFFF7FFF01F8FFFFFE07000058
:10AA80000F437A1E974191E66146DB0849070B4365
:10AA90006146CC08B8E74046D34C0130204200D094
:10AAA000A2E04046002800D001E16046184300D1F2
:10AAB0005EE10800384300D05FE16146DB084907EA
:10AAC0000B436146CC08A2E7C84DA84200D1CFE0B5
:10AAD000802564462D042C43A446382A56DC1F2AC0
:10AAE00000DDD1E020251E00AD1A6446AB40AC402D
:10AAF000D6405D1EAB41344323436446D440091B1A
:10AB000049E06046DC1B461AA34280414042814630
:10AB100030004E46801B8146000276D44B462343CC
:10AB200000D052E60024002571E739430C00621E74
:10AB30009441E4189C429B415B42634499464B46D6
:10AB40001B0200D456E701239C46A84BE0449845DD
:10AB500038D04B46A6480122034018006308144031
:10AB60001C43C3071C434308994657E610000E00D8
:10AB70002038C640202A04D04020821A91400F433A
:10AB8000B9464F467A1E974137430FE662461A434D
:10AB900013005A1E9341FC1AA742BF417F42CB1BB0
:10ABA00099465D46804608E666461E4300D1BEE0F3
:10ABB000561E012A00D109E18C4CA24200D119E1B4
:10ABC0003200C1E642460024002348E620200C0063
:10ABD000801A3E0087408440D640781E8741D1408D
:10ABE00034433C438C44A4E7804A904200D1E9E0DE
:10ABF000DF199F429B4161445B42C918CC077F0823
:10AC00004B08994680463C43F4E6FC1AA742BF41F4
:10AC100063467F42C91ACB1B99465D46D5E5FF08BE
:10AC20004B075D463B43CC08EEE662461A4300D034
:10AC300082E00B003B431BD1802400252403F9E66E
:10AC4000DC199C429B41614489465B4299444B46D6
:10AC50001B0244D401239846CCE6DC1B6246A34287
:10AC60009B41511A5B42CB1A994601239846A4E5B1
:10AC7000FF084B075D463B43CC08D7E662461A43C4
:10AC80001400631E9C4179E615006446203DEC40AB
:10AC9000A046202A05D040256446AA1A94402343A2
:10ACA0009A465446631E9C414346234373E76246DB
:10ACB0001A4323D00A003A4300D0A0E06246DB08E2
:10ACC000520713436246D408B0E60B003B4300D161
:10ACD00028E7FF084B075D463B43CC0897E6022375
:10ACE000984636E7FC1AA742BF4163467F42C91A1D
:10ACF000CB1B994601235D4698465EE54B07FF084E
:10AD00003B43CC0892E6DC1B6046A342B641401AA6
:10AD10007642801B8146000260D5FC1AA742BF41E3
:10AD200063467F42C91ACB1B99465D4676E5FF080C
:10AD30004B073B43CC0867E60A00DB083A4300D1E7
:10AD40006FE66246520713436246D408802212031C
:10AD5000144207D0C808104204D15D460400FB0825
:10AD600049070B435A0FDB00DB08520713435DE62C
:10AD70004B07FF083B43CC0849E6DC199C429B414A
:10AD8000614489465B4299444B461B0200D431E63C
:10AD90004A46174B1A400123914698462AE6160068
:10ADA0006446203EF440A046202A05D04026644652
:10ADB000B21A944023439A465446631E9C4143462C
:10ADC0001C43DBE502000024002348E5DC19BC42FB
:10ADD000BF41614489467F42B94438E74B4623432B
:10ADE00000D19FE606E6C046FE070000FF07000010
:10ADF000FFFF7FFFFF084B073B43CC0816E6624688
:10AE0000DB08520713436246D4088022120314421F
:10AE100007D0C808104204D15D460400FB0849076A
:10AE20000B435A0FDB005207DB081343FEE50023F8
:10AE3000014A1C0013E5C046FF0700000A0030B5B8
:10AE4000134C530009030500090B00205B0DD20FC2
:10AE5000A34204DD0F48834202DD0F4BD01830BD02
:10AE60008020400301430D48C01A1F2808DD0C480C
:10AE7000C31AD9400B005842002AF0D11800EEE75F
:10AE8000084CC540A446634499400B002B43F2E7AD
:10AE9000FE0300001D040000FFFFFF7F33040000DD
:10AEA00013040000EDFBFFFF70B5002816D0C31798
:10AEB000C5185D40C40F280000F04CF8114A121A62
:10AEC0000A2816DC03002E0015339E400B23181AA7
:10AED000C54052052D032D0B530D03E00024002324
:10AEE000002500261B052B43E407234330001900EF
:10AEF00070BD0B38854052052D0300262D0B530DD8
:10AF0000F0E7C0461E04000010B5041E10D000F08B
:10AF100021F80F4B1B1A0A2811DC0B222100121AF0
:10AF2000D14015300A035B058440120B5B0D01E034
:10AF3000002300221B0513432000190010BD22002E
:10AF40000B3882405B0512030024120B5B0DF1E706
:10AF50001E0400001C2101231B04984201D3000C95
:10AF600010391B0A984201D3000A08391B0998427C
:10AF700001D30009043902A2105C40187047C04692
:10AF800004030202010101010000000000000000B2
:10AF9000F0B557464E464546DE46E0B50F0019006F
:10AFA000002306009846100083B0002F07DA330014
:10AFB0003C0000275E42A74101235B4298460029DE
:10AFC00007DA4346DB430C00984603000021584251
:10AFD000A14134003D0082468946B9426AD867D013
:10AFE0004946504600F0BAF883463900300000F078
:10AFF000B5F85B461B1A9C46203B9B466BD45846D3
:10B000005146814060460B00514681400A00BB42D8
:10B0100000D972E0BB4200D179E034003D005946CE
:10B02000A41A9D41002900DA74E0002100200126C5
:10B030000090019159468E400196614601268E404E
:10B040006146009600295FD0D90756080E435F0875
:10B050006146012200230CE0AF4201D1A6420AD88A
:10B06000A41BBD4124196D410139A4185D4100297B
:10B0700006D0AF42F0D9013924196D410029F8D129
:10B08000009801995B4600196941002B4DDB2E00A9
:10B090002C00DE406346DC405B46002B55DB340071
:10B0A0009C4023006446A6403200801A994103E088
:10B0B000B04295D9002000214346002B04D0030064
:10B0C0000C0000215842A14103B0F0BCBB46B2467F
:10B0D000A946A046F0BD624648462023514690400E
:10B0E0009B1AD94003000091009960460B435146DA
:10B0F00081400A00BB4200D88CE70021002000906C
:10B100000191614600299FD100980199D4E7B1428D
:10B11000F3D882E7614620260127761A0020002115
:10B12000F74000900191019787E7624620239B1A20
:10B130002A009A40260013006246D6402C001E4387
:10B140006346DC405B46002BA9DA624620233500CB
:10B1500094409B1ADD4023002B43A3E710B5002940
:10B1600003D1FFF7F7FE203002E00800FFF7F2FE00
:10B1700010BDC04670B50400830716D102680E4B9F
:10B180000E4DD31893432B420FD142680A4B043023
:10B19000D31893432B4208D14268074B0430D3188D
:10B1A00093432B42F1D000E001300378002BFBD118
:10B1B000FDF734F8200070BDFFFEFEFE8080808029
:10B1C0004131004438003F002D2D2D004E4F5000DE
:10B1D0004F4646004D4F20545520574500534F20B1
:10B1E0004D4F20545500546F6666444154454C43BE
:10B1F000442042555A5A54494D4552535420005FF9
:10B200000047414D45004F564552004E4F5445446E
:10B2100041544554494D454D41524B4536422053CA
:10B220005547520041534320505420204426492082
:10B2300052554C4546495420534554200043414CF7
:10B2400043434D44205241434B54544F5043505577
:10B25000204D45442000202020200020203A20209E
:10B26000006341007500752700762700647800644C
:10B270007600E90028002900C0002A002F00BF0046
:10B28000655E006C6E006173696E0061636F7300D0
:10B290006174616E006173696E680061636F7368E9
:10B2A000006174616E6800576869746520736C632F
:10B2B0000057686F6C6520736C6300546F61737422
:10B2C00020736C6300426167756574746520353066
:10B2D000670043726F697373616E740042756E2FFD
:10B2E000526F6C6C00507265747A656C00506173BB
:10B2F0007461203135306700526963652031353023
:10B30000670043757363757320313530670051757D
:10B31000696E6F612031353067004E6F6F646C6508
:10B320002031353067005269736F747420313530C5
:10B330006700426F696C6564204D004D61736865FC
:10B3400064203135306700467269657320313030D2
:10B350006700576564676573203130306700537745
:10B36000656574204D0053616C6164203135306730
:10B37000004F617473203135306700466C616B6536
:10B380007320333067004D7565736C692035306705
:10B39000004772616E6F6C612035306700417070DC
:10B3A0006C650042616E616E61004F72616E67652F
:10B3B000005065617200506561636800537472618A
:10B3C0007773203135306700426C7565422031302B
:10B3D0003067004772617065732031303067004B11
:10B3E000697769004D616E676F20312F32005069B7
:10B3F0006E65732031303067004D656C6F6E2032A2
:10B4000030306700446174657320337063005261AB
:10B410006973696E20317473700041707269636F73
:10B42000742034706300436172726F747320313022
:10B4300030670050656173203130306700436F72B0
:10B440006E2031303067004C656E74696C7320314A
:10B4500035306700432D506561732031353067000A
:10B460004265616E7320313530670042726F6363ED
:10B470006F6C69203230306700546F6D61746F00FB
:10B480004D696C6B203230306D6C00596F6775728E
:10B4900074203135306700596F67757274462031FA
:10B4A00035306700436F74746167652031353067EC
:10B4B00000436865657365203530670053746561C6
:10B4C0006B203230306700436869636B656E2032F1
:10B4D00030306700506F726B203230306700466941
:10B4E000736820313530670053616C6D6F6E2031A9
:10B4F0003530670053617573616765203170630093
:10B5000053616C616D69203530670050697A7A61EA
:10B510002031736C0042757267657200436865651F
:10B520007365627572676572004E756767657473DF
:10B5300020367063004B65626162203170630048A1
:10B540006F7420446F6720317063005461636F2013
:10B550003170630043686970732033306700506551
:10B56000616E757473203330670057616C6E75744B
:10B57000732033306700416C6D6F6E64732033301D
:10B580006700506F70636F726E20333067004372D4
:10B5900061636B6572203330670043686F636F20AF
:10B5A0003330670047756D6D69732035306700492A
:10B5B000636553636F6F7000436F6F6B6965203114
:10B5C0006C670043616B652031736C00446F6E756E
:10B5D000742031706300486F6E6579203174627336
:10B5E0007000436F6C6120302E33334C004A756914
:10B5F000636520302E324C00456E657267792030CD
:10B600002E32354C0049636554656120302E33334A
:10B610004C004265657220302E33334C0042656524
:10B620007220302E354C0057696E65447279203097
:10B630002E324C0057696E655320302E324C004339
:10B640006F636B7461696C0042524541440047521C
:10B6500041494E005350554400435245414C004629
:10B660005255495400564547004D494C4B004D41F9
:10B67000494E004A554E4B00534E41434B005357E1
:10B6800045455400534F465400414C4300505047E9
:10B6900000484E4C00414E43004C41580044454E3A
:10B6A00000434849004E59430053434C0052494F10
:10B6B000005347530050444C004C4F4E00504152F1
:10B6C00000434149004D534B00445842004B484908
:10B6D0000044414300424B4B00484B470054594FF4
:10B6E00000535944004E4F5500574C47004A414EB5
:10B6F00000464542004D415200415052004D4159D3
:10B70000004A554E004A554C00415547005345509C
:10B71000004F4354004E4F5600444543006E3241A3
:10B72000005357500041326100613241002B2B0021
:10B7300025003C3C6E003E3E6E0026007C007E00F4
:10B740004A5A004F555400505345004A5000454E48
:10B750004400544153005743412D47530045544141
:10B7600000414C540044455343454E540046554512
:10B770004C004F434300554E4954004D495343003C
:10B7800049415300485B66745D0057535B6B745DC1
:10B790000047535B6B745D00494E505554004E4D4D
:10B7A0000041540046425B67616C5D0054494D4561
:10B7B0005B685D004750480047414C004549415B8C
:10B7C00066745D00514E485B48675D004F41545BB5
:10B7D000435D0050415B66745D0044415B66745D8F
:10B7E0000054415B66745D00544F445B4E4D5D00F8
:10B7F000524F445B66706D5D0046525B4E4D5D007E
:10B80000446F66660044666C6F776E004472656DC7
:10B8100061696E006C3E67616C0067616C3E6C0034
:10B82000433E4600463E43006B673E6C6273006CCD
:10B8300062733E6B6700636D3E696E00696E3E63C6
:10B840006D006D3E66740066743E6D006D2F733E34
:10B8500066706D0066706D3E6D2F73006B6D3E738C
:10B860006D00736D3E6B6D006B6D3E6E6D006E6DA9
:10B870003E6B6D006E6D3E736D00736D3E6E6D00C0
:10B880004D4F00544800465200534100535500703C
:10B8900060FF7061FF7062FF7063FF7064FF70652E
:10B8A000FF705BFF705AFF700A030004080FFF70FF
:10B8B0000A030004080EFF700A00000500080FFFCD
:10B8C000700A00000500080EFF705CFF705DFF70DD
:10B8D0005EFF705FFF705F5CFF705D5EFF741678E7
:10B8E000160C700E06000EFF70740FFF7C780FFFB1
:10B8F00080840EFF70740D7C3C0F060006070A0161
:10B90000020FFF7C3C780E060006070A01020E06B5
:10B91000000FFF741002090A09020C010000000E5A
:10B92000700CFF7C0500000F1001050C10780C0155
:10B9300002000E7C0CFF7C0500000F1001050C10AE
:10B94000780C000A0000040E010C700CFF70060059
:10B950000E740FFF783B740E700F3DFF7C17700E56
:10B960007817740E0CFF74010A02040E78010200AD
:10B970000E0C010800000D05000000000F010C7006
:10B980000EFF00000000030205000305010406028B
:10B9900004030405000102006DB2000034B700008A
:10B9A00064B2000070B2000066B2000069B200002C
:10B9B0006CB200006FB20000C1B10000ECB3000037
:10B9C00072B2000027B70000CAB1000074B20000D4
:10B9D00076B2000078B200002EB70000CAB10000B5
:10B9E0007AB200007CB2000081B200007EB200009A
:10B9F00080B2000083B2000087B200008CB2000069
:10BA000091B2000086B200008BB2000090B200003C
:10BA100096B200009CB20000A2B2000095B20000F5
:10BA20009BB20000A1B2000001131D0E010F1216FF
:10BA30000E091201150A0F000113230E010F121631
:10BA40000E01150A12090F0001131C0E010F111629
:10BA50000E091201150A0F000113220E010F121612
:10BA60000E01150A11090F0001131E0E010F120B12
:10BA700013180E091101150A0F000113240E010FEE
:10BA8000110B13180E091201150A0F000113180EDD
:10BA9000010F1201000313041210051304000E011C
:10BAA000150E0211090F0F140E0211090F000E0CD2
:10BAB00015010F14180E0C0F000D1A0E010F0010B7
:10BAC000030E040F1308000D180E1A0E010F0F00BD
:10BAD000180E200E010F0F0048B600004EB60000F1
:10BAE00054B6000059B600005FB6000065B600000D
:10BAF00069B600006EB6000073B6000078B60000AC
:10BB00007EB6000084B6000089B60000CB3000008D
:10BB1000B9300000A73000009530000083300000ED
:10BB2000713000005F3000004D3000003B300000FD
:10BB300029300000FD2F00003D030000F126000029
:10BB400055280000D92500005527000019160000CF
:10BB5000B5260000B1160000B1220000A1220000AD
:10BB6000311600004D25000041280000411300005F
:10BB70002928000081260000992600000D210000E0
:10BB8000951600008507000005160000D11500007D
:10BB9000BD1500009515000061150000052F00007F
:10BBA00091070000D107000075070000C1220000C6
:10BBB0002D150000F1140000CD140000E107000075
:10BBC0003D03000001080000C12A0000412A0000D6
:10BBD00099210000CD2900002D290000E920000056
:10BBE000BD14000011080000E1090000C5090000B3
:10BBF000710A0000A10A0000C10A00003D0900000E
:10BC00004D0900000D090000590A0000AD090000AF
:10BC10005D09000091090000210A00003D0A0000B2
:10BC200025090000090A0000E5090000890A000052
:10BC30003D230000F5090000FD240000CD24000094
:10BC400079090000B1240000CCB100001DB700004C
:10BC500021B7000025B7000029B700002DB700006C
:10BC6000C9B100002EB70000CAB100007AB20000CE
:10BC70007CB2000030B7000032B7000036B70000D9
:10BC80003AB700003CB700003EB7000081B20000A8
:10BC900040B7000043B7000070B6000047B700008F
:10BCA0004BB700004EB700000D0914160E09120123
:10BCB000150A0F000914160E01150A12090F0009C2
:10BCC00014160E091201150A0F000914160E01159B
:10BCD0000A11090F0009140E091101150A0F0009B4
:10BCE000140E091201150A0F00050E040F130600A9
:10BCF0000D190E010F0009140100021301150E02A7
:10BD000012090F0005130411031306000E0C150190
:10BD10000F13180E0C0F000E051304120313060F59
:10BD20001404150A001A0E010F00200E010F000E58
:10BD300009141A0E010F0F150A000E09140E200E19
:10BD4000010F0F150A00000080B80000E3B10000E9
:10BD5000DAB1000083B8000086B8000089B800009E
:10BD60008CB80000B51F0000551F0000F51E000034
:10BD7000791E0000111E00008D1D00004D1D0000E9
:10BD8000DD1B0000211B000052B7000056B7000069
:10BD90005DB7000061B7000065B700006DB7000037
:10BDA00072B7000076B700007BB7000080B70000D4
:10BDB00052B700000000001084B700000700001018
:10BDC0008AB700000A00001091B7000098B7000081
:10BDD0009EB7000080B60000A1B700005DB700006C
:10BDE000A4B70000ACB70000B4B70000B8B70000BB
:10BDF000BCB70000C4B70000CCB70000D3B7000048
:10BE0000DAB70000E1B7000010000010E8B700004A
:10BE1000F0B70000F9B7000000B8000005B8000056
:10BE20000CB800001200001014B800001AB800008E
:10BE300020B8000024B8000028B800002FB8000087
:10BE400036B800003CB8000042B8000047B8000017
:10BE50004CB8000054B800005CB8000062B80000A4
:10BE600068B800006EB8000074B800007AB800002E
:10BE700000030C0F30333C3FC0C3CCCFF0F3FCFFCA
:10BE80001D0E010F00230E010F001C0E010F0022DA
:10BE90000E010F001E0E010F00240E010F00030EF5
:10BEA000040F00170100180E010F00000313060015
:10BEB00001150200031304000C1501000314040013
:10BEC000190E010F001F0E010F00030E040F1306C1
:10BED0001307001B0E010F00210E010F00FFFFFFD3
:10BEE000FFFFFFFFFFFFFFFFE7E7FFFFFFFFF9F99E
:10BEF000FFFF9F9FFFFFF9F9E7E79F9FFFFF9999DA
:10BF0000FFFF9999FFFF9999E7E79999FFFF8181D1
:10BF1000FFFF8181FFFF8181E7E78181FFFF818151
:10BF200099998181FFFF818181818181FFFF8199C1
:10BF3000BDBD9981FFFF818D8DB1B181FFFF81BDB5
:10BF4000BDB1B181FFFF81BDBDBDBD81FFFF81A935
:10BF500095A99581FFFFD5ABD5ABD5ABFF00000010
:10BF6000000000002F00000007000700147F147F6E
:10BF7000142E2A7F2A3A2313086462364955225028
:10BF8000000B070000001C2241000041221C00148D
:10BF9000083E081408083E08080058380000080841
:10BFA000080808006060000020100804027F41417A
:10BFB000417F40427F4040794949494F4149494981
:10BFC0007F0F08087F084F494949797F49494978D7
:10BFD000030101017F7F4949497F0F4949497F009A
:10BFE00036360000005B3B000008142241001414A8
:10BFF0001414140041221408030159090F7B4979D4
:10C00000417F7F0909097F7F49494F787F4141413D
:10C01000407F4141633E7F494949417F0909090108
:10C020007F414949797F0808087F41417F4141604C
:10C030004141417F7F08080F787F404040407F01A9
:10C040000F017F7F0204087F7F4141417F7F090903
:10C05000090F7F4171417F7F0909794F6F49494934
:10C060007B01017F01017F4040407F1F2040201F56
:10C070007F4078407F63140814634F4878484F61CD
:10C0800051494543007F414100020408102000410E
:10C09000417F000402010204404040404022272228
:10C0A0007222705454547C7F4444447C7C44444405
:10C0B000407C4444447F7C5454541C00047F05015C
:10C0C0001C5454547C7F0404047C40447D404060F4
:10C0D00040447D007F10101C70007F4040007C04B5
:10C0E0001C047C7C0404047C7C4444447C7C242428
:10C0F000243C3C2424247C7C0404040C5C545454D0
:10C100007400047F44407C4040407C047C20100C40
:10C110007C4070407C44247C48441C5050507C44FB
:10C1200064544C44087F41410000007F00000041FE
:10C13000417F081C041C101CFFF7E3C1FF7F415D19
:10C14000417F7F5B415F7F7F4555517F7F555541E3
:10C150007F7F7177417F7F5155457F7F4155457F77
:10C160007F797D417F7F4155417F7F5155417F7F61
:10C170004175417F7F4155417F7F415D5D7F7F41BB
:10C180005D637F7F4155557F7F4175757F7C1514B9
:10C19000157C705554557C7C1715177C7457555772
:10C1A0007C7F097F494974547C545C7C4544457CC0
:10C1B000784A484A787C0911217C780A0A0A787CF6
:10C1C0004140417C784240427860404D48787C4410
:10C1D0004438447F0105273C60584658607C4447FA
:10C1E0007D017E50101E10067E027E02775D494161
:10C1F000637C44447C043E4949493E5F7101715F60
:10C20000081C3E080808183F1808080C7E0C08088F
:10C21000083E1C083E060A122222120A063E3E3042
:10C22000282422222428303E081C3E7F00061E7E41
:10C230001E06303C3F3C30007F3E1C0814367736EB
:10C2400014047E7F7E041C4963491C00227F220067
:10C2500010387C101F000705070008082A0808226C
:10C26000140814227F7F494941007F007F003E2847
:10C270003820202030282422087F01010360407FDD
:10C28000010344445F44447C7C54541C001D151736
:10C29000000404121F1045257D49451D5151517D53
:10C2A0001C221C221C505854525114741C17145137
:10C2B0005254585000005500004000400040001CFF
:10C2C000141C000000080000084C3E19087E7F7F07
:10C2D0007F7E7E7B7B7B7E7E7373737E7E636363F8
:10C2E0007E7E4341437E3E2222223E3E3E3E3E3EF5
:10C2F0001C3622361C1C3E3E3E1C74465F4674773C
:10C30000415D41777C7E0F7E7C55015501551E5263
:10C3100072521E3E2E3E3A3E03417F41037E435AF7
:10C32000437E3E636F6B3E63554955637E4E4A4A7A
:10C330007C386C7F7C382A202A202A555500555598
:10C34000084C7F4C083E6322633E1708046A58007D
:10C350005F557D0023434843233E003E2A3A783010
:10C36000180C063E1C4840407800784B7B000000CB
:10C37000A7B200000F000000B1B200000C000000E6
:10C38000BBB200000C000000C5B2000019000000A4
:10C39000D2B2000019020000DCB200001E00000052
:10C3A000E5B2000023000000EDB200002D00000007
:10C3B000F8B200002D00000002B3000023000000CE
:10C3C0000EB300001E0100001AB300002800000098
:10C3D00026B300002802000032B300000F00000066
:10C3E0003BB300001401000047B30000230200002B
:10C3F00052B30000190100005EB3000019000000F4
:10C4000066B300001902000071B3000019000000BB
:10C410007BB300001900000086B300001E0100007D
:10C4200091B30000230200009DB300000F00000044
:10C43000A3B3000014000000AAB300000C00000029
:10C44000B1B300000F000000B6B300000A00000006
:10C45000BCB300000A000000C8B300000C000000DC
:10C46000D3B3000010000000DFB300000A0000009A
:10C47000E4B300000F000000EEB300000C00000069
:10C48000F9B300000F00000004B400000F0000002A
:10C490000EB400000A0000001AB400000F000000F3
:10C4A00026B400000700000033B400000C000000B8
:10C4B0003DB400000F00000047B40000140100006C
:10C4C00054B400001901000060B400001401000021
:10C4D0006BB400000600000079B400000500000005
:10C4E00080B400000A0100008BB4000007010000C6
:10C4F00097B4000014010000A4B40000050200007D
:10C50000B1B4000001030000BCB40000000400004E
:10C51000C7B4000000020000D4B400000004000012
:10C52000DEB4000000020000E8B4000000040000D7
:10C53000F4B400000103000000B500000004000096
:10C540000BB500001902000015B500002303000020
:10C550001CB500002304000029B500000F020000F4
:10C5600035B50000320500003FB50000190300009A
:10C570004BB500000F01000054B500000F02000091
:10C580005EB50000050400006AB500000405000067
:10C5900076B500000504000082B50000140100001B
:10C5A0008EB50000140100009AB500000F030000D2
:10C5B000A4B5000028000000AFB500000F02000085
:10C5C000B8B5000014010000C3B50000230300004B
:10C5D000CCB5000019020000D6B500000F00000025
:10C5E000E2B5000023000000EDB5000014000000DB
:10C5F000F8B500001E00000005B60000190000009C
:10C6000012B600000C0000001DB600001200000071
:10C6100027B600000200000034B600000F00000042
:10C620003FB600001901000000070D1317262E3336
:10C630003A41474E5257FF00FF01FF02FF03FF043C
:10C64000FF05FF06FF07FF08FF09FF0AFF0BFF0CAE
:10C65000FF0DFF0EFF0FFF10FF11FF12FF13FF145E
:10C66000FF15FF16FF17FF18FF19FF1AFF1BFF1C0E
:10C67000FF1DFF1EFF1FFF20FF21FF22FF23FF24BE
:10C68000FF25FF26FF27FF28FF29FF2AFF2BFF2C6E
:10C69000FF2DFF2EFF2FFF30FF31FF32FF33FF341E
:10C6A000FF35FF36FF120EFF14020F13FF15140E95
:10C6B00013FF01001539FF1009000C17FF123B157D
:10C6C000170FFF3E1009000CFF123710010C381530
:10C6D0000F1BFF121C0DFF1D1DFF140100140FFF87
:10C6E00015121DFF420100000F0EFF420D150F0134
:10C6F00000000EFF12120023241026FF1312161042
:10C700000C020FFF1237010C380C14FF1312160C19
:10C71000020FFF123701100C380C14FF1246154897
:10C720000FFF1212010C1510010C0F3814FF421DDF
:10C730000D012715010C121D0E0329010D032901FE
:10C740000D23281D1818FF121D4C2715121D0F153B
:10C75000010D121D0123281518FF072B010C072AB4
:10C76000181212082B0C082A1812120E052B0C0591
:10C770002A18420E062B0C062A18092B0C092A1817
:10C78000072BFF072B010D072A181212082B150D76
:10C79000082A1812120E052B150D052A18420E062E
:10C7A0002B150D062A18092B150D092A18072BFF22
:10C7B000001212121212052A18062A18072A18083F
:10C7C0002A18092A18FF082B072B0FFF51120E07F2
:10C7D0002B0E10052B0C072B010D0F38FF062B0716
:10C7E0002B0E082B092B0E0D052B072B0E082B12D9
:10C7F0000E0D0F1212082B0E10092B0C072B0F1504
:10C80000FF53400E0CFF010C121212121201020E05
:10C810001501000E160D160C14010D0E1514100244
:10C82000210E140C020F0CFF12401217153B400E84
:10C830001D0EFF120E15120E124012400C381D0F65
:10C84000381B15FF030600000E0A0000010C12122F
:10C85000030600000F1C1512120329030600000E28
:10C860000D06000F1C154206000E0D0329030600DD
:10C87000000E0D01000000000F150100000F0C0C50
:10C8800001000000000E0A050C1C01000000000F52
:10C89000FF0A00000000010C121C15121203290DE2
:10C8A0000100000E1C151203290D0100000E0229C3
:10C8B0000D0100000E06000F0C06000F0C01000019
:10C8C00000000E0A050C1C01000000000FFF020A08
:10C8D00005040EFF012D5A0FFF000A06020103078F
:10C8E00001010EFF012D5C0FFF000A050309090578
:10C8F00006080EFF012D5E0FFF030A07080504015D
:10C9000001080FFF012D600FFF010A080E03020C42
:10C91000FF03020D010A080FFF020A0200040602CB
:10C9200002060EFF012D640FFF150100000F121DFE
:10C93000010C15391212010D150F150FFF15020FFD
:10C940001012120E400D3842420C1D0DFF42420FD4
:10C950001C0E0DFF120E10020F1302210E38160EC0
:10C96000FF1212120E0E0A00070E1015010A060E13
:10C97000100C13010C16FF2DFF2DFF2DFF2DFF2D89
:10C98000FF2DFF2DFF2DFF2DFF2DFF2DFF2DFF2D47
:10C99000FF2DFF2DFF2DFF2DFF2DFF2DFF2DFF2D37
:10C9A000FF2DFF2DFF2DFF2DFF2DFF2DFF2DFF2D27
:10C9B000FF2DFF2DFF2DFF2DFF2DFF2DFF2DFF2D17
:10C9C000FF2D0209090709020405082DFF2D090A98
:10C9D00008000606052DFF2D060A060704032D0193
:10C9E000011011FF2D000A00020207010009052DA8
:10C9F000FF2D060A0002020104012D020311FF2D82
:10CA000001000907030703022DFF2D060A0602068F
:10CA10000007002D03041011FF2D020A000607086D
:10CA200003042D01051011FF2D050A020901070756
:10CA3000022D01011011FF2D010A0308000604094F
:10CA40002D02031011FF2D080A0301040406032D13
:10CA5000FF2D09060408050A03032DFF2D02070315
:10CA60000A01052DFF2D0100010302052DFF2D01F7
:10CA70000A0600020107072D01091011FF2D080AFF
:10CA80000805040108082D01021011FF2D010A02FA
:10CA900005060603072D061011FF2D0307060A07DA
:10CAA0000300032DFF2D010A0606000503092D02D0
:10CAB000071011FF2D020A0801070904002D0105C6
:10CAC0001011FF2D090A0100090308042D030110AC
:10CAD00011FF2D010A0607020602022D020710119E
:10CAE000FF2D010A0607040902072D02071011FF96
:10CAF0002D010A0808030503022D02081011FF2D5D
:10CB0000090A0207040001002D02041011FF2D057F
:10CB10000A0005000708042D02071011FF2D090A5D
:10CB20000208040706051002041011FF2D010A0473
:10CB300001000600072D02061011FF2D090A060646
:10CB4000020306051002071011FF2D040A04090054
:10CB50000404081002061011FF2D070A020907033A
:10CB600005042D031011FF2D050A06070003070415
:10CB70002D081011FF2D070A0704080009022DFFD8
:10CB80002D020A0607050202022D0811FF2D030AD5
:10CB90000704010707022D01061011FF2D010A04E9
:10CBA00003080707072D021011FF300000000031B5
:10CBB00000000000320000000033000000003400DC
:10CBC00000000035000000003600000000370000C3
:10CBD0000000380000000039000000002E000000B6
:10CBE0000053554D00002B000000002D00000000F8
:10CBF0002A000000002F000000004E4547000045BD
:10CC000045000000445550000045585000004C4E6F
:10CC10000000005357415000494E560000434F5307
:10CC2000000044524F50004432520000523244003F
:10CC3000004154414E00494E540000524F540000F0
:10CC4000434C4100004C535458004E414E44005058
:10CC50004900000045513000004C450000004946A5
:10CC6000000000454C5345005448454E004245479E
:10CC70000000554E544C005049434B0053544F0054
:10CC80000052434C0000464E0000004E4F50000042
:10CC90004845580000534F4C5600494E544C0046EE
:10CCA0004E590000534C4F5000504C4F5400444FCD
:10CCB000000000524E44000053484F570053515259
:10CCC0000000535152540050575200005031300070
:10CCD0000053494E000054414E00004153494E005C
:10CCE00041434F53004652414300524F5432004C8F
:10CCF0004F4700004F5645520025000000002543D5
:10CD0000484700414253000053494E480041534EAA
:10CD10004800434F534800414353480054414E4854
:10CD20000041544E48005045524D00434F4D420083
:10CD3000532B000000532D00000053434C52004D74
:10CD400045414E0053444556004C520000004C52A1
:10CD500059000021000000005032520000523250B1
:10CD600000004832484D00484D3248004932434D9A
:10CD700000434D3249004B4D32530053324B4D006E
:10CD80004B4D324E004E324B4D004C324700004767
:10CD9000324C0000433246000046324300004B470D
:10CDA000324C004C324B47005056000000514500B9
:10CDB00000004D4F440000504446000043444600EC
:10CDC00000464E410000464E420000464E430000E1
:10CDD000464E440000464E450000413100000042EE
:10CDE00031000000433100000044310000004132B6
:10CDF00000000042320000004332000000443200D4
:10CE000000004133000000423300000043330000C3
:10CE100000443300000041340000004234000000B0
:10CE2000433400000044340000004135000000425B
:10CE30003500000043350000004435000000413655
:10CE40000000004236000000433600000044360077
:10CE50000000413700000042370000004337000067
:10CE60000044370000004138000000423800000054
:10CE70004338000000443800000063630000006392
:10CE800067000000634700000063566D0000634EBA
:10CE900041000063527964006368000000635048F9
:10CEA00030006361300000636B00000063520000DB
:10CEB00000634600000063740000006361746D004D
:10CEC00063650000006345300000636D300000635F
:10CED0005A300000636D5500006372650000636D99
:10CEE000650000636D700000636D6E0000636D6D22
:10CEF0007500636D420000636D4E0000636D6D65EB
:10CF000000636D6D7000636D6D6E00636D6D6D001F
:10CF1000634100000063530000006347300000637A
:10CF200067616D006343310000634332000000011C
:10CF300002030405060708090A4E0C0D0E0F101116
:10CF40001238133A3916322D3B173C312D1D151866
:10CF50002D2D2D2A2B555658196163655A5D5F5446
:10CF6000534C2D302F2D36352C2C2C2C2C2D2D2E9A
:10CF7000342D33502D66672D2D2D3F2D5157591AC5
:10CF80006062645B5C5E524F4D20222345211F3757
:10CF900014414344292D3D3E1B2D2D40421E2D2D75
:10CFA0002D1C6813181D2214191E23151A1F241670
:10CFB0001B2025171C21261011121207040100083E
:10CFC00005020A0906030B0F0E0D0C0007000800EE
:10CFD0000A0100020702080201000301090304021A
:10CFE00004020503050006645F503E2D1E12080072
:10CFF000EDB60000F1B60000F5B60000F9B600008D
:10D00000FDB6000001B7000005B7000009B7000039
:10D010000DB7000011B7000015B7000019B70000E8
:10D0200020480900F003000009000E00140016015A
:10D0300065489100A30F00001200010004000002E7
:10D04000694C0A001D1B00003500C6014F060A018D
:10D050006542120034230000B9001806B60A100217
:10D0600020426A003B2A0000EA002D0968101403E0
:10D0700020437200EB2E0000E200EF0ECC101904EA
:10D08000204E7A00B73600007D003F004D001E059F
:10D09000204F82007F3E00008F0036005A0022069B
:10D0A00020468A00364A0000AA00350055002807AD
:10D0B000654E9200D44E00005A0018001B00000874
:10D0C000614E0B00CE590000610073018404090118
:10D0D000674D1300F15E0000AE009B0353050D0287
:10D0E0006C416B00666900000E01A503E80A10039D
:10D0F00069537300B56D0000E9009706D20D130463
:10D1000020507B00FE780000B6003D012902160584
:10D1100020538300417D0000CF008401CD021A0618
:10D120006C438B007D8A00004101AC00EF002007BA
:10D13000724193000C9C0000B2005400570000089C
:10D14000204B0C00BA98000056005001080408015A
:10D15000614314008E9C00009A005B04DD060A0205
:10D1600063531C009CAF00002B011607250C0E0218
:10D1700069542400FBBA0000C2019507E80D0F02B4
:10D1800020562C00FEC6000063028708600E1002C5
:10D19000724334001CCB0000CB028408800B1101C9
:10D1A0006E4D3C009AD60000E802EF051E090F0202
:10D1B0006546440025DA0000130313073E0C1202F3
:10D1C0006F434C0035E600007A03E806800C13023A
:10D1D000694E540045E500007A03C006720C130244
:10D1E00075435C003AF8000080034D05130B1301F2
:10D1F0006E5A640064FF0000CA02B4029C0410026C
:10D2000061476C005B1001004F022F01AD09120352
:10D2100065477400B61B01001402BB04220C140401
:10D2200073417C00AA2401003C02420477031605E6
:10D230006553840070340100E101EE01BE031A065B
:10D2400072428C002038010038010A014C011E078F
:10D25000724B9400564701007501730077001E0859
:10D2600062520D00DC4D010099003801C103080134
:10D27000725315004456010008011A0477060A0289
:10D2800020591D004A5B0100BF010707190E0C025F
:10D29000725A2500586401008C0250084A120D028F
:10D2A000624E2D00EA6A01005903BE0A991310016B
:10D2B0006F4D3500CE760100FE03500B3013160182
:10D2C00063543D00D07E01007E047E09BA11130232
:10D2D00075524500CE8A0100D5042F0A4711160168
:10D2E00068524D00F9910100D904BD08800F160164
:10D2F00064505500B49F0100B2042407A40C16002A
:10D3000067415D005CA501001A04D2048309130182
:10D31000644365001BB7010061035202100411024F
:10D320006E496D0082C00100DB02AD0129091203C4
:10D330006E537500B6CF0100D802F9013B0B1404FF
:10D3400062537D00A0DB01009C02870344071405A3
:10D350006554850070F201007002D202ED041506DA
:10D3600020498D00B8EF0100ED018201C9011B07C2
:10D3700065589500DD0002004D02A100A5001A08C5
:10D3800073430E0029070200BB002D01B003070103
:10D39000614216006F1802006701E8037A0809026B
:10D3A000614C1E00991E02006702A904990E0B022F
:10D3B0006543060054230200A5022C04840E0B02D0
:10D3C000725006006B260200A502B804D10E0B02B3
:10D3D000644E060072330200BD021105130D0B02EC
:10D3E0006D50060068360200D6022305C90C0B02F8
:10D3F0006D530600584B0200F002410513080C0261
:10D40000754506009C5102000C024B040A070C02F1
:10D41000644706004266020016033106DA0D0C026C
:10D4200062540600CD6C020037035D06AF0D0C029E
:10D4300079440600C47A020057039006180B0C02C8
:10D440006F480600428402006F03C606B10B0C024F
:10D45000724506005B8D02008A030A07450C0C0228
:10D460006D540600E6930200A4031A07AF080D02EC
:10D4700062590600FEA30200B2024904BD050B0278
:10D48000754C060076AB0200D80385075B0E0D02D3
:10D49000664826003AB902003305CA090C130D028A
:10D4A00061542E00D3C202008106DA0C63160F020B
:10D4B0002057360020CE020085076F0EC4161802D2
:10D4C00065523E005FD702003608830DED16130249
:10D4D000734F460016E70200D308EA0CA5141602A3
:10D4E00072494E00D9EE0200D0089F0A5D12160262
:10D4F000745056000CFA02006108F9070210160178
:10D5000075415E00660103008A073905390C19016F
:10D5100067486600900F03004905EA00760214028E
:10D520006C546E005F1E0300A1044102D20610037A
:10D5300062507600602903006E045802E607120468
:10D5400069427E0054300300D20320022D071405E7
:10D550006F5086006830030098030F02D30414064E
:10D5600074418E00503403006C023F0262021607C1
:10D570006E52960030630300CD03CA00D300160834
:10D5800072460F0018670300BB002C01B6030701A9
:10D5900061521700D0720300F401CD03DA070902CB
:10D5A00063411F00B8760300EF032B058F0D0B02BC
:10D5B00068540700668A030094044308C5130D02EB
:10D5C000615007007B86030001063107CC100F0273
:10D5D00020550700CCA1030067077D0534110E021A
:10D5E000704E0700C89D0300FD079503B1100E02A1
:10D5F0007550070020B90300C0079003AD0D0D0260
:10D600006D41070038B503005705A905400B0B0213
:10D610006D430700D8C4030047054D06370D0D02C2
:10D620006B420700D8C40300C605EB04540B0D027F
:10D630006643070078D40300E6059504CF060D0283
:10D640007345070060D8030074036D04F5040D02F0
:10D650006D460700E8EB0300CA03650400000D02F5
:10D66000644D0700D0EF030006044C0400000D02D7
:10D670006F4E0700B8F30300DE034C0400000D02F8
:10D68000724C070070FF030018066C0700000D03C2
:10D6900066522700F812040010096009A8160D024E
:10D6A00062442F00E0160400720B0000000000022C
:10D6B0006753370098220400AC0D00000000000200
:10D6C00068423F00B01E0400740E0000000000021B
:10D6D00073484700C81A040004100000000000024C
:10D6E000744D4F00F03D04009C0E0000000000024D
:10D6F00073445700A8490400980DD007A00F0002FA
:10D7000067525F00904D0400360B000000000001DE
:10D710006E4367004859040042091B01540100028E
:10D72000684E6F00305D04004006BC0278050003BF
:10D730006C467700E868040078055401A4010004F1
:10D74000634D7F00D06C04004605BC0278050005DF
:10D75000764C8700887804000A05BC024C04000659
:10D7600073548F00707C0400D002BC027003000769
:10D77000674F9700707C0400F401EB005E01000825
:10D78000206E6DB16A6B6C75696FAFB0B2B43F70EB
:10D790007968B7717765727461736466677A786364
:10D7A00076623F3F3F3F3FF7E0C08000030000004C
:10D7B00000030000000003000000030000000F0051
:10D7C0000000030000000300000300000300B8ABEA
:10D7D000E800030000030000030003000F00000046
:10D7E000000000000088ABF8000000000000000FFF
:10D7F0000000000000E023F800000000000F00001F
:10D800000000E8ABB8000000000F000000F8AB38E3
:10D810000000000F0000C083F800000000F8ABF823
:10D8200000000000E0ABF80080C0E0EF070301005B
:10D83000C000000000C000000000C0000000C000E8
:10D840000000F0000000C0000000C00000C00000A8
:10D85000C00017D51D00C00000C00000C000C000FF
:10D86000F0000000000000000015D51F00000000BF
:10D87000000000F000000000001CC41F00000000B9
:10D8800000F0000000001DD51700000000F00000AF
:10D89000001FD507000000F0000018D01F00000096
:10D8A000001FD51F000000001CD51F00010307004A
:10D8B0009EBE0000E9BC0000ABBE0000B4BE00008C
:10D8C00004BD0000ABBE0000BCBE000017BD0000E0
:10D8D000ABBE0000ACBE0000ABBE000095BA0000BD
:10D8E000CABE0000ABBE0000BFBA0000B0BE000060
:10D8F000FABC00009EBA0000B8BE00000CBD0000DB
:10D90000AEBA0000A3BE0000A3BE0000A3BE00008C
:10D91000A6BE0000F6BC00008CBA0000C0BE00002D
:10D9200025BD0000B9BA000025BD0000F0BC000014
:10D93000C0BE0000D3BE00002FBD0000C7BA00006B
:10D940008ABE0000BFBC000048BA000080BE0000D4
:10D95000A8BC000028BA000094BE0000D5BC00009E
:10D9600068BA0000C5BE00002ABD00002ABD000044
:10D970002ABD0000C5BE0000C5BE0000D8BE000024
:10D980003ABD0000D0BA00008FBE0000CABC000043
:10D9900058BA000085BE0000B4BC000038BA0000D0
:10D9A00099BE0000DFBC00007ABA0000D53000004C
:10D9B000C3300000B13000009F3000008D30000007
:10D9C0007B30000069300000573000004530000017
:10D9D0003330000021300000AD190000891900002B
:10D9E000A1190000F9180000C1180000A9180000D2
:10D9F000311900008D180000051800003D030000DB
:10DA00003D030000F52800003D0300003D03000039
:10DA10003D030000F92200003D0300003D0300002B
:10DA20003D0300003D030000D9280000A9280000A4
:10DA30003D0300003D0300003D0300003D030000E6
:10DA4000F1170000DD1700008DB6000091B6000050
:10DA500095B6000099B600009DB60000A1B6000082
:10DA6000A5B60000A9B60000ADB60000B1B6000032
:10DA7000B5B60000B9B60000BDB60000C1B60000E2
:10DA8000C5B60000C9B60000CDB60000D1B6000092
:10DA9000D5B60000D9B60000DDB60000E1B6000042
:10DAA000E5B60000E9B600002024282C383C4044AC
:10DAB000484C0207020802010003010903040204A2
:10DAC00002050305000625730D0A0D0A0025730DD6
:10DAD0000A00444D5F53444B3E20000026A3000043
:10DAE000E4A20000E4A20000E0A20000EAA200001C
:10DAF000EAA20000F6A50000E0A20000EAA20000F1
:10DB0000F6A50000EAA20000E0A200008AA500003D
:0CDB10008AA500008AA5000060A60000A5
:08DB1C0074D4FF7F010000003A
:10DB24005743415BB85D00B8430057415BB85D00A3
:10DB3400B8004F43435BB85D000000006400000080
:10DB440064000000400901010101000028000000F8
:10DB54000101013CE1AC0A000000000000000000EB
:10DB640000000000000000000000000000000000B1
:10DB740000000000000000000000000000000000A1
:10DB84000000000000000000000000000000000091
:10DB94000000000000000000000000000000000081
:10DBA4000000000000000000000000000000000071
:10DBB4000000000000000000000000000000000061
:10DBC4000000000000000000000000000000000051
:10DBD4000000000000000000000000000000000041
:10DBE4000000000000000000000000000000000031
:10DBF4000000000000000000000000000000000021
:10DC04000000000000000000000000000000000010
:10DC14000000000000000000000000000000000000
:10DC240000000000000000000000000000000000F0
:10DC340000000000000000000000000000000000E0
:10DC440000000000000000000000000000000000D0
:10DC54000000000000000B0B0B050000FFFFFFFF9E
:04DC64004D0000006F
:00000001FF
