:10000000F01F0010B99A0000B79A0000B79A0000DC
:10001000B79A0000B79A0000B79A000000000000ED
:10002000000000000000000000000000B79A00007F
:10003000B79A000000000000B79A00008D7B000016
:100040007179000071790000717900007179000008
:1000500071790000717900007179000071790000F8
:1000600071790000717900007179000071790000E8
:1000700071790000B59A0000B59A0000C100000037
:10008000297C0000417C0000597C0000717C00004C
:10009000B59A0000E57C0000B59A0000B59A000012
:1000A000B59A0000B59A0000B59A0000B59A000014
:1000B000B59A0000B59A0000B59A0000B59A000004
:1000C000594A10B5136801331360584B584A1B68DE
:1000D000DBB2302B00D176E018D8182B5AD005D8D7
:1000E000082B37D0102B46D0082351E0202B00D10D
:1000F0007AE0282BF8D14F4B4F491868096888429D
:1001000052D21968481C18604C4B48E0482B00D16B
:100110006AE00AD8382B60D0402BE5D1484B1968EB
:10012000042301295DD11360DEE7502B66D0582BE4
:10013000DAD14448444B1B680168DBB24C1C0460B4
:10014000424843540221424BFF3119608023F13968
:10015000DB0530E00021374B19601968481C186036
:10016000364B5B5C3849DBB20B60282313600122FD
:10017000374B1A6010BD0021324B19602D490B68B6
:10018000581C08602D49CB5C2F49DBB20B6028233B
:100190001360EFE727490B68581C086027495B5C30
:1001A0002949DBB20B609FE7254B19688023DB05EB
:1001B000002902D02021196096E702202449FF304F
:1001C00008601021F7E780231021DB051960082360
:1001D000136081221E4B5200CBE782211C4B490049
:1001E000E9E78021C905DDE780231021DB051960DF
:1001F000082313600422164BFF32BAE71149124B51
:100200001B680868DBB2441C0C60104C23540C4B78
:100210001B680868013B0421834202D98023DB0567
:10022000C9E7116060E7C0463C1E001004000040B2
:1002300018000040381E0010301E0010081E00106C
:100240001C1E0010341E001008000040201E00106C
:10025000181E001002231B4A70B511681A4D0B437B
:1002600013602023194A040011680B431360184BD4
:100270001A682A401A600122186810431860154B4A
:1002800019682940196019680A431A606C22124BD8
:1002900012491A60124B186809F0C2FC114B186021
:1002A000114B1860022C02D1A022104B1A60802240
:1002B0000F4B12021A6080234022DB0501201A60D6
:1002C00070BDC04604800440F8FCFFFF80800440FD
:1002D000304004403440044018000040400D03000A
:1002E000381C001014000040100000400C000040BA
:1002F00000E100E00000000000000000000000003D
:100300000122F8B508210600100007F07FFA072443
:10031000082700223900012007F078FA3200012571
:100320002241022100202A4007F070FA2A003900F9
:10033000280007F06BFA013CEBD2F8BD70470000D3
:1003400007490B889808DA0842405A40580950403B
:100350000122D3401040C003184308807047C046B4
:100360003400001084235343F7B55918194B203833
:100370001B78C0B2009305235843174B174CC31882
:100380000020174E0193019B009D1B5C022D1DD187
:100390001F09F75D4D1C3F02BC460F273B406746D7
:1003A000F35C3B431BB25F00FFB267556754852780
:1003B000BC4661188C4467465B041B0E84313B705D
:1003C0000B700130691C0528DDD1F7BD93400D008D
:1003D0006354F6E7260000103DBF000080130010B4
:1003E00050BE0000F8B504000D0016000627207866
:1003F000002800D1F8BD29003200FFF7B3FF034BFE
:100400000134197879436D18EDB2F0E72600001039
:10041000F8B506000D0017003078002800D1F8BDAF
:10042000094B1C782E2809D13A00291BFFF79AFFA7
:1004300003235C432D19EDB20136EDE73A002900A4
:10044000FFF790FF0623F4E7260000100F2313B5F3
:1004500003405724092B00D8273C1B196C466371B5
:10046000572403099F2800D8273C68461B190371AD
:1004700001A8FFF7B7FF13BD03001A781900013375
:10048000202AFAD00023CA5CC2540133002AFAD1D0
:10049000704700008423CA085343181807231940E3
:1004A000063B8B40024A115C0B4313547047C04615
:1004B0008013001070B50D0004000A21280009F017
:1004C000ABFB303120236170092D0AD90A212800A5
:1004D00009F01CFB0A21C0B209F09EFB0B0030336F
:1004E000DBB2237070BD0000F7B519001E4B04008D
:1004F0001B7810001027002B00D1063F002301932A
:10050000994206DA0B000200002150429941012372
:10051000019325003A000023009509F0ABFC8C46BE
:10052000D1B203005720092900D8273809180098AC
:100530006A1C01706146180015000B43EAD1019B4B
:10054000002B03D02D231370009A02320021531E7A
:100550001170A34200D8F7BD1A782178013B597079
:1005600022700134F5E7C0460B040010F7B51022E5
:10057000134B05001B780192002B01D10A33019324
:10058000002000212B78002B01D103B0F0BD1C000E
:10059000303CE4B2092C06D91A00613A1C00052A45
:1005A00001D8573CE4B202000B000198002109F089
:1005B00085FC26000027013580197941E2E7C04615
:1005C0000B04001030B514001D0087B00B000200B2
:1005D00001A8FFF789FF2A00210001A8FFF702FF09
:1005E00007B030BDF0B587B00400019103AE00281C
:1005F0000AD13023012533702B00019A002B19D129
:10060000019B581907B0F0BD00250A2720003900CA
:10061000009509F001FB009B3031F15420003900B6
:10062000009409F073FA009B01350400EDB2092B28
:10063000ECD8E1E7013BDBB2F15C11700132DDE7A0
:10064000074A1378002B08D0013BDBB21370054A30
:10065000DB00D31818685968704700200021FBE7B9
:100660005402001058020010034A1378591C1170EC
:10067000024A5B00D0527047490100104A01001045
:100680000020054A1378834205D0013BDBB213708A
:10069000024A5B00985A7047490100104A01001055
:1006A0000023034A1370034A1370034A1370704700
:1006B000990200101A03001008040010034A13786E
:1006C000002B01D0013B13707047C0461A03001085
:1006D00030B5074B020019780023064CD8B281428E
:1006E00001D8FF2003E00133E55C9542F6D130BD2F
:1006F00072100010721000108021064A09010130AA
:10070000135CFF2B01D180B270478842F7D30020E1
:10071000FAE7C0465604001070B504000020064DEC
:10072000002C03D0013CE4B2A84202D9013080B2CF
:1007300070BDFFF7E1FFF3E7FE07000010B5044BC3
:1007400018780138C0B2FFF7E7FFFFF7D5FF10BDFB
:100750007210001010B5024B1888FFF785FF10BD0E
:10076000560C00100022014B1A7070475402001002
:100770000D488021038830B51A00002401250901A5
:100780008A420DD300228B4200D8CA1A9B189BB212
:10079000002C00D00380054A1378013B137030BD54
:1007A00001322C0092B2EBE7560C001074010010DD
:1007B000024A1378013B13707047C0467401001061
:1007C000054B064A1B781178123BDBB2994200D1E7
:1007D000002313707047C0462A0400105003001015
:1007E000024A137859424B41137070470B040010B2
:1007F0000122014B1A7070472004001010B5054B00
:10080000054C197820784B1EC01809F0EFFA2170BA
:1008100010BDC046721000104C02001010B5054B00
:10082000054C197820784B1EC01809F0DFFA2170AA
:1008300010BDC046721000105404001003230B407A
:10084000890841333131037041707047074A0020F5
:1008500013780021002B07D0013BDBB21370044A50
:10086000DB00D318186859687047C046EA1A0010B0
:10087000F01A0010012330B500200A241D00084A98
:10088000084912780B80002A03D1002800D00B8081
:1008900030BD6343013A28009BB2D2B2F3E7C046B1
:1008A000E91A001044020010F7B50D4B01251B7822
:1008B000002401930B4B0C4E1A78032353439D40A5
:1008C000EF17019BA34200D1F7BD306871682A0081
:1008D0003B0009F0CFFA013403C6E4B2F1E7C046A9
:1008E000EA1A0010E91A0010F01A0010034A04492D
:1008F000137809785B1813707047C04648010010E0
:1009000079110010034A044B11781B780B401370C7
:100910007047C0464801001079110010024A137850
:10092000013313707047C04648010010024A137823
:10093000013B13707047C0464801001010B5044BCE
:10094000044C1978207809F0E1F8207010BDC046F9
:1009500079110010480100103C22034B1B789B00CA
:100960001340024A13707047F60100102400001073
:1009700010B5044B044C1978207809F04DF921701A
:1009800010BDC0467911001048010010034A044907
:10099000137809784B4313707047C0464801001024
:1009A000791100100F200449044A0B7812781B01BA
:1009B000024013430B70704748010010F60100100D
:1009C00070470000024A1378DB4313707047C0463B
:1009D00048010010024B1A78024B1A707047C0464B
:1009E0004801001038020010034A044913780978BE
:1009F0000B4313707047C046480100107911001076
:100A00000720044A044912780B78024093400B7087
:100A10007047C046F6010010480100100720044A44
:100A2000044912780B78024013410B707047C0469E
:100A3000F601001048010010034A044913780978B0
:100A40005B1A13707047C0464801001079110010FE
:100A5000034A044B11781878197010707047C0461B
:100A60004801001079110010034A044913780978ED
:100A70004B4013707047C0464801001079110010B8
:100A80003F22044B1B781340034A1178034AD15488
:100A90007047C046F601001048010010F701001031
:100AA0003F22044B1B781340034AD25C034B1A705D
:100AB0007047C046F6010010F70100104801001011
:100AC00026490300820908703FD102090120002A4B
:100AD00031D00E300340012A2ED10D38002B2AD000
:100AE0000330012B27D00130022B24D00130032BFF
:100AF00021D00130042B1ED00130052B1BD001303A
:100B0000062B18D00130072B15D00330082B12D03C
:100B10000130092B0FD001300A2B0CD001300B2BE8
:100B200009D002300C2B06D001300D2B03D0013040
:100B30000E2B00D0023070471620022AFBD110384D
:100B40009842804140420C30F5E70320012AF2D060
:100B50000130022AEFD00E30EDE7C046F60100105A
:100B600070B50D0014000321FFF7FCFB23002800E3
:100B700009220021FFF726FD084E2200705D182192
:100B8000FFF764FC705DFFF79BFF054B80002200C0
:100B90002721C058FFF726FC70BDC046F7010010A2
:100BA00028BC00008022030008485200002B05D01A
:100BB0000178002902D0013A002A00D170470130A3
:100BC0000A29F3D1013BDBB2F0E7C0463600001042
:100BD000802305485B000278002A02D0013B002BED
:100BE00000D170470130F6E73600001000231800EE
:100BF0000649CA5C002A01D0FF2B00D170470A2A9F
:100C000001D10130C0B20133F3E7C0463600001015
:100C100010B5084B08491A7801235C5CD8B294429D
:100C200002D90138C0B210BD01330E2BF5D100201E
:100C3000F9E7C0465403001008C6000010B5104B79
:100C40000322187800210123FFF7BCFC01221521A3
:100C50008C20FFF787FB0B4B1B2218680123C11761
:100C6000FFF7B0FC012233218F20FFF77BFB064BFF
:100C7000392218680123C117FFF7A4FC10BDC04634
:100C8000280400107001001058030010F7B5174B2E
:100C9000174A1C78019023019B5A200000932100E1
:100CA00000231588009EB54209D98C4206D00F0159
:100CB000BC4666460E4FF65BAE4200D91900009E58
:100CC000B54206D284420ED0094F0601F65BAE4211
:100CD00009D30133DBB21032762BE2D1019B002B1A
:100CE00000D10800FEBD1800F3E7C04678110010DF
:100CF00000D00000F0B585B0022829D104210022DF
:100D00008C460192524E0324083615E008790028DB
:100D100008D10F78002F05D0019B0F710133DBB292
:100D200008700193013DEDB20131002DEED1013C7F
:100D3000E4B2043E944202D931006546E6E701324E
:100D4000D2B2032ADED1019B5A1E9341D8B254E09D
:100D5000042822D1002201921CE0CF78002F08D174
:100D60008B78002B05D0CB70019B8F700133DBB2E9
:100D70000193013DEDB201399542EED8013CE4B258
:100D80000436002C02D031000325E6E70132D2B24E
:100D9000032AD8D004002E4EF5E701282AD10024DA
:100DA0002B4E0194611CA5003200C9B26D4217E0C0
:100DB0001778002F0BD1029B5019C35C002B06D073
:100DC0001370029BC754019B0133DBB20193039B59
:100DD00001329A42ECD10131C9B2043D042904D058
:100DE0008B000293131D0393E2E701340436032CB6
:100DF000D8D1A8E7032827D0002005B0F0BD30786F
:100E00000132D2B2002808D1AB5C002B05D0337080
:100E1000019BA8540133DBB201930136032AEED1C2
:100E200001340437042C05D0094BA5003E00029A7A
:100E30005D19E4E70131032900D184E7CBB20293C5
:100E4000034B00245F18EFE700210191F6E7C0464D
:100E50003D030010084B400070B5C45C1B185D7862
:100E600020002900012206F085FC29000022200034
:100E700006F0CCFC70BDC046B3CF0000084B40006C
:100E800070B5C45C1B185D7820002900002206F0B4
:100E900071FC29000122200006F0B8FC70BDC0469C
:100EA000B3CF000010B506F0C9F80020FFF7D2FF5D
:100EB0000B21002006F080FC040063425C4100200E
:100EC000FFF7DCFFE0B210BD70B504000825012675
:100ED00000220821300006F099FCE20902210020DE
:100EE00006F094FC6400320008213000013D06F059
:100EF0008DFCE4B2002DEBD170BD002210B50400D2
:100F00001100022006F082FC2000FFF7DDFF10BD7B
:100F100070B505000020FFF7F0FF1020FFF7EDFF90
:100F20008424B0206C432843FFF7E7FF022001220E
:100F3000002106F06BFC0548241825008435207834
:100F40000134FFF7C1FFAC42F9D170BD801300102E
:100F5000F0B587B0019202930022002307000C0035
:100F600008F05AFF002808D0019B019A581C302332
:100F700013700023037007B0F0BD2200A54B1A4088
:100F80009A4206D12D23019A13705370D01C93708E
:100F9000EFE7002200233800210008F043FF061E7F
:100FA00009D080231B06E4182D23019A0126137013
:100FB000130001330193002200233800210008F0C0
:100FC00045FF0025A84200D09AE06B1C029A0593C9
:100FD000F318934202DAAB1C00DBACE0EA17AB1863
:100FE00004205340632B03DC0138092B00DC01385B
:100FF000029B023B9E1B361AF3B2039373B2029319
:1010000001230026002084490493039BB34200D0AF
:10101000A0E002000B003800210007F06DFD002267
:101020007E4B06000F0008F01BFF002808D03000A0
:1010300039000022794B07F0BBFE06000F00059D2A
:10104000049B002B00D18CE03900300008F064FFD5
:10105000C4B2200009F048FF0B0002003900300044
:1010600007F044FD06000F0020000199FFF7BAFACF
:10107000431C01932E230370029B0400002B22DDEE
:10108000C31803930022654B3000390007F0E2FDDE
:101090000F00060008F040FFC0B203003033637059
:1010A00009F022FF0B0002003900300007F01EFD9E
:1010B000039B013406000F00A342E3D1029A019B77
:1010C0009446634401930198431E01931B78302B8F
:1010D000F9D0002D00D14CE72B23411C002D01DA63
:1010E0006D42023303702800FFF77CFA41E73800B5
:1010F00021000022494B07F05BFE07000C00013580
:10110000002238002100454B08F0AAFE0028EED14D
:10111000002238002100424B08F084FE002800D154
:1011200053E73800210000223C4B07F093FD013DBE
:1011300007000C00ECE7029B013B9E1B6B1C002B85
:1011400000DC0123F61A73B276190293F3B203930B
:10115000002356E70022314B013607F029FEF6B294
:1011600053E7002D13DA0135012D12D0300039007C
:1011700000222A4B07F01CFE06000F00F3E73000A8
:1011800039000022254B07F065FD06000F00013DE8
:10119000F5D23900300008F0BFFE040009F0A4FECB
:1011A0000B0002003900300007F0A0FC06000F0021
:1011B00020000199FFF716FA2E230370029B050009
:1011C000441C002B1FDDC31801930022134B300079
:1011D000390007F03FFD0F00060008F09DFEC0B289
:1011E000030030336B7009F07FFE0B000200390002
:1011F000300007F07BFC019B013506000F009D428B
:10120000E3D1029BE4182000013C2378302BFAD074
:10121000AFE6C0460000F07F0000E03F0000244041
:101220000000F03F30B514001D00064B85B01B7860
:1012300001AAFFF78DFE2A00210001A8FFF7E8F8B8
:1012400005B030BD25000010F8B50F4C0600200099
:101250000D0006F0CBFF5F232018037000234370BE
:10126000200006F0C3FFC3B2C7B22000AB4201D9D1
:10127000781B001932000321FFF7CAF80023E41994
:10128000013C2370F8BDC04678030010F7B51C4E32
:10129000C700BE19019030000D00140006F0A6FF33
:1012A000002814D0220029003000FFF79BF8154BCE
:1012B000019A1B78934209D10621134B49421B78AE
:1012C00022005943B2204919FFF74CF8F7BD0F4BE4
:1012D0000022DF193E687F6800233000390008F0E3
:1012E0009BFD002805D022002900CC20FFF73AF80A
:1012F000DDE723002A0030003900FFF793FFD6E72F
:101300007D110010881400102600001080120010BB
:10131000F0B5002585B001900C2703266F43EBB292
:10132000AC0000932C1B019B793CE4B2DF19310027
:101330002000009AFFF716F8002302AA3900137163
:1013400002A8042206F0EEFEF11D009AC9B202A81E
:1013500001342436FFF746F8E4B204376F2EE6D1A5
:10136000012D01D00125D7E705B0F0BDF8B5050086
:101370000026064C83222778200005498334013655
:1013800006F0D0FE2770AE42F3D1F8BD80130010F6
:101390008113001070B50D00040005F0E1FF290075
:1013A000200006F085F870BD07B5684601A9FFF773
:1013B000F1FF6B46FA221B88D2009B18034A136088
:1013C0006B469A78024B1A7007BDC0464002001067
:1013D0003B02001007B5684601A9FFF7DBFF6B462B
:1013E0003C205B7958436B469B79C0180EBDF8B51D
:1013F0001700040008000D0006F0F8FEE419C6B25C
:10140000200006F0F3FEA7192100421C380006F068
:10141000CCFE32002900200006F084FEF8BD00005A
:10142000F8B50D4D06002B780F000C4C072B08D992
:10143000210038222000083106F0B7FE2B78013B4E
:101440002B702B7830005A1CDB00E4183900266022
:1014500067602A70F8BDC0465402001058020010A0
:1014600010B5FEF76DFF09F03FFDFFF7D9FF10BD86
:1014700010B5FFF7E5F809F0D1FC0A2108F0B6FC39
:10148000CB000349C91808684968FFF7C9FF10BDB8
:1014900098140010F8B5FFF7D3F806000F00FFF717
:1014A000CFF80D0004003900300009F0B7FC0A2124
:1014B00008F09CFC054BC9B2C90059180C604D607E
:1014C00020002900FFF7ACFFF8BDC04698140010BB
:1014D00010B5FFF7B5F808F01FFDC0B200280BD01B
:1014E000064B1B78834207D31B1A0548DB00C31841
:1014F00018685968FFF794FF10BDC04654020010E9
:101500005802001070B5FFF79BF804000D00FFF7BC
:1015100097F802000B002000290008F0A1FC002829
:1015200004D100200021FFF77BFF70BD002001499E
:10153000F9E7C0460000F03F10B5FFF781F8002240
:10154000002308F069FC002804D100200021FFF7E7
:1015500067FF10BD00200149F9E7C0460000F03FD9
:1015600010B502480249FFF75BFF10BD182D445427
:10157000FB210940F8B5FFF763F80D000400FFF701
:101580005FF806000F002000290009F047FC390031
:101590000400300009F042FC2040C04309F074FC14
:1015A000FFF73EFFF8BD000010B5034B18685968FF
:1015B000FFF736FF10BDC0463004001010B5FFF72E
:1015C0003FF80200802000060B1819001000FFF7FA
:1015D00027FF10BDF0B585B0FFF732F804000D000D
:1015E000FFF72EF8134B06001B780F00002B19D0C5
:1015F000FFF726F800900191FFF722F8029003917F
:1016000030003900FFF70CFF20002900FFF708FF2A
:1016100002980399FFF704FF00980199FFF700FF74
:1016200005B0F0BD20002900FFF7FAFE30003900B8
:10163000F4E7C046FB03001070B5FFF7CBFFFEF7E1
:10164000FFFF0D000400FFF7C5FF29002000FFF792
:10165000E7FE70BDF8B5144B1B78002B19D0FEF7D0
:10166000EFFF06000F00FEF7EBFF04000D00FFF791
:10167000D7FE30003900FFF7D3FE20002900FFF726
:10168000CFFE30003900FFF7CBFE0122074B1A7066
:10169000F8BDFEF7D5FFFFF7C3FEFFF7C1FE044B11
:1016A00018605960F1E7C046FB03001038040010D1
:1016B00030040010F0B585B00391FFF72DF8060057
:1016C000FFF71AF80024013083B201939B1B013B02
:1016D0009BB20293039BE7B21B5DFF2B04D0013446
:1016E000812CF7D1013C2700FFF728F88022029BCC
:1016F0001201C31ADB19934211DA029A0F4DBBB2E1
:1017000097420ED201990139421A301969182818E6
:1017100006F008FD22000399A81906F003FD05B0A4
:10172000F0BD029A9342F5D901990139421A301954
:1017300001326918281806F038FDEBE7560400104E
:10174000F8B50D4F06003B780D000C4C032B08D963
:10175000210018222000083106F027FD3B78013BCC
:101760003B703B7830005A1CDB00E41829003A70CB
:1017700026606560F8BDC046EA1A0010F01A001035
:1017800010B5034B18685968FFF7DAFF10BDC04663
:10179000101B001010B5FFF759F8024B03C3FFF7F9
:1017A000CFFF10BD101B0010F0B50324012589B038
:1017B000FFF74CF81D4B01901B7802915C430434F9
:1017C000A540EB172A00059308F078FB0223A340FD
:1017D00000240393019EDB17029F06900791049358
:1017E00032003B000698079908F044FB2A00059B4D
:1017F0008019794108F062FB039A049B08F03AFBD8
:10180000B04201D1B94207D01D2C0BD1019E029FDD
:101810000134E4B21E2CE3D130003900FFF790FF11
:1018200009B0F0BD06000F00F2E7C046E91A00104B
:1018300010B5FFF70BF8FFF783FFFFF781FF0122D9
:10184000014B1A7010BDC0463804001010B5FEF7E9
:10185000FDFF002342428B4110001900FFF770FF8B
:1018600010BD000070B5FEF7F1FF06000D00FEF799
:10187000EDFF0324020001200B00074909784C43C7
:101880000434A040C11708F019FB32002B0008F007
:10189000F1FAFFF755FF70BDE91A001070B5FEF7B9
:1018A000D5FF05000C00FEF7D1FF02000B00280059
:1018B000210008F003FB064B1A780323534301224F
:1018C00004339A40D31708F0D5FAFFF739FF70BDFB
:1018D000E91A001070B50324134B0A251B785C43EA
:1018E000FEF7B4FF01220434A240D317A54008F04C
:1018F000C1FAEE1744B2030611D5013464B2012CCB
:1019000000D170BD28003100FFF71AFFFFF7AAFFD2
:10191000F3E728003100FFF713FFFFF7BFFF013C9B
:1019200064B2631CF5D1ECE7E91A001070B5FEF75C
:101930008DFF0D000400FEF789FF00196941FFF7D4
:10194000FFFE70BD10B5FFF781FFFFF7EFFF10BD81
:1019500070B5FEF77BFF05000C00FEF777FF28400F
:101960002140C043C943FFF7EBFE70BDF8B504004A
:101970000025074E8322330083331F78310005484A
:10198000013506F012FC3770A542F2D1F8BDC04611
:1019900080130010811300107FB5154B0D001C78CB
:1019A000160084421FD9241A124B1348013CE4004C
:1019B0001B78041920686168002B0FD007F084FCA5
:1019C00002000B0001A8FEF78FFD01A8FEF754FDF1
:1019D0003200290001A8FEF705FD7FBD13002A0093
:1019E000FFF720FCF9E75F20FEF7BCFCF5E7C046F7
:1019F000540200100B04001058020010F7B5234BDE
:101A0000234A1E78234B1B78D05C002E0CD0052176
:101A1000414321480918214806F0F0FB1F4806F011
:101A2000E5FB1F4B1870F7BDFEF776FE04001D4B5B
:101A30001B5DFF2B27D1194B9E190023013E3370EC
:101A4000ECE705203B5D43431348C31801981B5C3A
:101A50004B551500AB1BDBB201930523114F385DCD
:101A600058430D4BC01806F0C1FB019B6A1C0B4983
:101A7000D2B2834201D22B06E3D5202301341600D3
:101A80004B55A4B2D3E73500E4E7C0460604001086
:101A90007310001054040010580C0010990200102C
:101AA0001A03001056040010044B10B5C000C018F3
:101AB000034B8900C95806F0A1FB10BD7D11001031
:101AC0008CBD000030B5032587B008210120FFF749
:101AD000EBFF2A4C2A002100684606F023FB6946EA
:101AE0007420FFF7E7FD1F210520FFF7DDFF2A0027
:101AF000611901A806F016FB01A97820FFF7DAFDAD
:101B000020210920FFF7D0FF2A00A11D02A806F01E
:101B100009FB02A97C20FFF7CDFD21210D20FFF755
:101B2000C3FF21002A00093103A806F0FBFA03A92C
:101B30008020FFF7BFFD22211120FFF7B5FF210014
:101B40002A000C3104A806F0EDFA04A98420FFF75E
:101B5000B1FD23211520FFF7A7FF21002A000F3137
:101B600005A806F0DFFA05A98820FFF7A3FD2421C8
:101B70001920FFF799FF07B030BDC0466FB80000CD
:101B800070B5082192B00120FFF78EFF574C032556
:101B900021002A006846123106F0C4FA6946742012
:101BA000FFF788FD25210520FFF77EFF21002A0091
:101BB000153101A806F0B6FA01A97820FFF77AFDE1
:101BC00026210920FFF770FF082621003200183176
:101BD00008A806F0A7FA08A97C20FFF76BFD2721CB
:101BE0000D20FFF761FF2100320020310AA806F026
:101BF00099FA0AA98020FFF75DFD28211120FFF73F
:101C000053FF21000136320028310CA806F08AFA71
:101C10000CA98420FFF74EFD29211520FFF744FF72
:101C20002100320031310FA806F07CFA0FA988207C
:101C3000FFF740FD2A211920FFF736FF21002A0077
:101C40003A3102A806F06EFA02A97620FFF732FDBB
:101C50002B210720FFF728FF21002A003D3103A890
:101C600006F060FA03A97A20FFF724FD2C210B204F
:101C7000FFF71AFF21002A00403104A806F052FAAB
:101C800004A97E20FFF716FD2D210F20FFF70CFF82
:101C900021002A00433105A806F044FA05A9822054
:101CA000FFF708FD2E211320FFF7FEFE210001356E
:101CB0002A00463106A806F035FA06A98620FFF765
:101CC000F9FC2F211720FFF7EFFE21002A004A31EF
:101CD00007A806F027FA07A98A20FFF7EBFC3021B6
:101CE0001B20FFF7E1FE12B070BDC0466FB80000C8
:101CF0001FB50E490B224E3101A806F013FA01A9B7
:101D00007C20FFF7D7FC1B210120FFF7CDFE1C2113
:101D10000520FFF7C9FE1D210920FFF7C5FE1E2182
:101D20000D20FFF7C1FE05B000BDC0466FB8000032
:101D300030B51F4C0425210085B02A00593101A877
:101D400006F0F0F901A97820FFF7B4FC21002A0081
:101D50005D3102A806F0E6F902A98020FFF7AAFC8F
:101D600021002A00613103A806F0DCF903A98820CC
:101D7000FFF7A0FC0D210120FFF796FE0E210520A4
:101D8000FFF792FE0F210920FFF78EFE10210D2094
:101D9000FFF78AFE0E211120FFF786FE072115208E
:101DA000FFF782FE1A211920FFF77EFE05B030BD35
:101DB0006FB8000010B5184C88B021000F2268469B
:101DC000653106F0AFF969468020FFF773FC21000A
:101DD0001022743104A806F0A5F904A98420FFF7A5
:101DE00069FC03210120FFF75FFE03210520FFF7B7
:101DF0005BFE07210920FFF757FE17210D20FFF793
:101E000053FE18211120FFF74FFE19211520FFF76F
:101E10004BFE08B010BDC0466FB8000030B51D4C79
:101E200091B01022211D01A806F07CF901A97C20A7
:101E3000FFF740FC132521002A00143105A806F005
:101E400071F905A98020FFF735FC21001722273101
:101E50000AA806F067F90AA98420FFF72BFC1121D4
:101E60000120FFF721FE12210520FFF71DFE2900AA
:101E70000920FFF719FE14210D20FFF715FE15218B
:101E80001120FFF711FE16211520FFF70DFE11B0EE
:101E900030BDC046EFB800001FB50724144922002A
:101EA0003E3102A806F03EF902A97820FFF702FCB5
:101EB000104904225D3101A806F034F901A98020FF
:101EC000FFF7F8FB09210120FFF7EEFD21000520B7
:101ED000FFF7EAFD0A210920FFF7E6FD0B210D209F
:101EE000FFF7E2FD0C211120FFF7DEFD1FBDC0460C
:101EF000EFB800006FB8000010B5164C86B0210096
:101F00000822453101A806F00DF901A97C20FFF750
:101F1000D1FB21000A224D3103A806F003F903A9E1
:101F20008020FFF7C7FB01210800FFF7BDFD052159
:101F30000800FFF7B9FD06210920FFF7B5FD0221D2
:101F40000D20FFF7B1FD07211120FFF7ADFD06B011
:101F500010BDC046EFB8000000B50E4989B01C2284
:101F6000573101A806F0DEF801A97C20FFF7A2FB9B
:101F700000210120FFF798FD03210520FFF794FDC4
:101F800004210920FFF790FD01210D20FFF78CFDB2
:101F900009B000BDEFB80000F0B52C4B85B01B7840
:101FA00002900393002B0AD0FEF7E0FA07F014FA30
:101FB000FFF736FA0023029A137005B0F0BD029BBA
:101FC0001B782D2B11D10024029B214D013301934D
:101FD00000260027019B1B78002B0BD122002B0031
:101FE0003000390006F0E4FEE2E7029B0024194DC0
:101FF0000193EDE72E2B26D0303B092B1FD8002272
:1020000030003900144B06F025FE019B06001878BD
:102010000F00303808F038FF0B00020039003000A4
:1020200006F06AFD039B06000F00002B07D020007E
:1020300029000022084B06F00DFE04000D00019B54
:1020400001330193C6E701230393F8E70B04001063
:102050000000F0BF0000F03F0000244070B5094DC3
:10206000280006F0C3F8084C002807D02378002B7E
:1020700001D0FEF7E5FA2800FFF78EFF002323705A
:1020800070BDC046780300103804001010B504007D
:102090000A2803D9182801D0FFF7E0FF064BA40057
:1020A000E3589847054B1B78002B01D1044A137065
:1020B0000022044B1A7010BDECBA0000FD030010A2
:1020C00008040010FB03001010B5FFF7C7FFFEF770
:1020D000B7FA08F0A3FE0122024B1860024B1A70F7
:1020E00010BDC04650020010040400101FB5FEF7DA
:1020F000A7FA07F02FFF02000B0001A8FEF7F4F982
:1021000001A8FFF749FF05B000BD000070B505004C
:1021100000240526094B1B78A34202D8FF24200087
:1021200070BD30006043064B2900C01806F06DF802
:102130000028F4D00134E4B2ECE7C046721000107D
:10214000580C001007B5094B6A4600930023137121
:10215000074B68461B7840339370FFF7D7FFFEF7B5
:10216000DBFA044B1880FFF779FF07BD464E780075
:10217000500300105203001007B5094B1B78002BC9
:102180000DD0084A69460092002240338B706846A1
:102190000A71FFF7BBFFFEF7BFFA034B188007BDBC
:1021A00050030010464E7800560C00100122084BD8
:1021B00010B508481A70FFF7A9FF074B1870074BB6
:1021C00018700748FFF7A2FF064B187010BDC046F5
:1021D0001B040010A0B100007B1100107C11001046
:1021E000A3B100007A11001013B50B4904000222BC
:1021F000733101A805F096FF6B460022210001A86B
:102200009A71FEF71BFB01A8FFF780FFFEF760FA4B
:10221000024B187013BDC046EFB800005404001004
:10222000F8B5144B14491C780023DAB2944205D84F
:102230000527013CE4B2002C03D1F8BDCA54013398
:10224000F3E700260C4D69782878794378430B4BE7
:102250000136C918C018F6B205F0D7FF002803DD13
:102260002B786A786B702A700135A642EBD1013C5D
:10227000E4B2E0E77210001073100010580C001068
:1022800010B5FEF7DDF907F02FFBFFF7C9F810BD19
:1022900010B5FEF7D5F907F0D9FAFFF7C1F810BD70
:1022A00010B50B4B1B78002B09D0FEF7C9F90022A3
:1022B000002307F0B1FD002802D1FEF7E1F910BDBF
:1022C000FEF7DEF9034B80B21880FEF7CDF9F6E792
:1022D00049010010560C001070B50C4C2378002BEF
:1022E00002D00023237070BD094D2B78002B05D040
:1022F000084B1B78002B01D0FEF7D6FA00220123F1
:102300002A70054A23701380EDE7C0460B040010C5
:10231000E91A0010EA1A001044020010054B1B785D
:10232000002B05D13F22044B1B781340034A137046
:102330007047C04648010010F6010010240000104C
:1023400010B50C00022814D1C8212000490007F064
:1023500063FC89B21D2000290AD00138A30707D1E8
:102360006421200007F058FC88B2431E98411C30BD
:1023700010BD0223984303001E20042BF8D0093B14
:102380001800431E98411E30F2E70000F0B500250A
:1023900089B00091019206001322290003A802953A
:1023A0000C2705F0E0FE194B194A1B787B43012EE0
:1023B00024D1D3585C5D002C12D1164D02A92800FF
:1023C00005F01CFF280005F011FF134B019A18704F
:1023D00002AB180000991C75FEF704F809B0F0BDB7
:1023E000013CE4B20D49232C02D80D4BA400E15866
:1023F00002A8013508F0AEFEEDB2D4E7D318022EE4
:1024000001D15B68D6E79B68D4E7C0464D02001057
:1024100090D80000990200101A030010A6B1000025
:1024200078B90000F8B5FEF73DFD04002220002C2D
:1024300011D125002800FEF70DFD271D0D4EFFB21E
:102440007178307805F0B8F9002805D12800FEF73A
:1024500015FD094B185DF8BD0134E4B20236A74200
:10246000EED128000135EDB2FEF708FD0A2DE1D1CD
:10247000FF20F0E7ABCF000083CF000010B5FFF7DF
:10248000D1FFFF28FBD1FE3805F0AEFB10BD0000E8
:10249000402210B5034B1A70034B3F3A1A70FFF7F6
:1024A000EDFF10BD24000010310000100123074A89
:1024B00010B51370064A1370FFF7E0FF054B064A8C
:1024C0001978117040221A7010BDC0460004001027
:1024D0003100001024000010390200100123074AC7
:1024E00010B51370064A1370FFF7C8FF054B064A74
:1024F0001978117040221A7010BDC046FF030010F9
:1025000031000010240000103902001010B5074CF3
:102510002378002B07D0200005F068FE0023241844
:10252000013C237010BDFEF78BF8FBE77803001029
:1025300070B5054C0548257805F058FE854202D255
:1025400023780133237070BD1A0300109902001024
:10255000F7B5204B1B78002B34D0FEF771F80090B4
:102560000191FEF76DF8009A019B06000F00100024
:10257000190006F06FFB320004000D003B00300034
:10258000390006F067FB02000B002000290006F06E
:10259000B3FA02000B0004000D003000390006F011
:1025A00007FC0200802000060B1819001000FEF73F
:1025B00037FF0098019922002B0006F0F9FBFEF787
:1025C0002FFFF7BDFEF73CF802000B000020024988
:1025D000F3E7C046FB0300100000F03FF0B5284BC6
:1025E00085B01B78002B3DD0FEF72AF800900191B2
:1025F000FEF726F804000D00FEF722F806000F0093
:10260000FEF71EF83200029003913B0020002900E3
:1026100006F020FB029A039B04000D00009801992C
:1026200006F018FB02000B002000290006F064FAF7
:10263000FEF7F6FE0098019932003B0006F00AFB17
:10264000029A039B04000D003000390006F002FBE3
:1026500002000B002000290006F048FAFEF7E0FE19
:1026600005B0F0BDFDF7ECFF04000D00FDF7E8FF3D
:1026700002000B002000290006F0ECFAEEE7C0464D
:10268000FB03001010B503480349FEF7C9FEFFF72E
:10269000A5FF10BDF8C1631ADCA54C4010B5FDF7CD
:1026A000CFFF0022034B06F0C7FFFEF7B9FEFFF78E
:1026B000E9FF10BD0000F03FD0B5FDF7C1FF08F005
:1026C000ADFB041E0CDA084E084F4442013C00D218
:1026D000D0BD30003900FEF7A3FEFFF77FFFF5E71E
:1026E0000026034FF2E7C0469A9999999999B93F04
:1026F00000002440F7B5174B1B78002B1ED0FDF7C8
:102700009FFF00900191FDF79BFF04000D00FDF776
:1027100097FF06000F00FDF793FF02000B0020005B
:10272000290006F0E9F9FEF77BFE009801993200D6
:102730003B0006F0E1F9FEF773FEF7BDFDF780FF01
:1027400004000D00FDF77CFF02000B0020002900B3
:10275000EFE7C046FB030010F0B5334B89B01B78A0
:10276000002B5BD0FDF76CFF06000F00FDF768FF44
:1027700000900191FDF764FF02900391FDF760FF67
:102780003200049005913B003000390006F062FAF7
:10279000009A019B04000D001000190006F05AFA7F
:1027A00002000B002000290006F0A6F9049A059B00
:1027B000069007913000390006F04CFA029A039B0C
:1027C00004000D000098019906F044FA02000B0085
:1027D0002000290006F08AF9069A079B06F0E8FA1D
:1027E000FEF71EFE029A039B3000390006F032FA13
:1027F000049A059B04000D000098019906F02AFA3E
:1028000002000B002000290006F076F9069A079BCB
:1028100006F0CEFAFEF704FE09B0F0BDFFF798FE11
:10282000FFF7DCFEF8E7C046FB03001010B50348D5
:102830000349FEF7F5FDFFF78FFF10BDF8C1631ADE
:10284000DCA54C4010B5FFF7F1FFFDF7F9FE06F0EF
:1028500073FEFEF7E5FD10BDF7B5134B1B78002B9B
:102860001CD0FDF7EDFE04000D00FDF7E9FE009021
:102870000191FDF7E5FE06000F00FDF7E1FE009A6D
:10288000019B06F033F9FEF7CBFD22002B00300050
:10289000390006F02BF9FEF7C3FDF7BDFEF78EFEFB
:1028A000FFF728FFF9E7C046FB030010F8B50A4B15
:1028B0001B78012B0FD9FDF7C9FF07000E00FDF7AC
:1028C000C5FF05000C0038003100FEF739FF280075
:1028D0002100FEF735FFF8BDEA1A001070B5FFF7CA
:1028E000E5FFFDF7B3FF05000C00FFF7DFFF280051
:1028F0002100FEF725FF70BD10B5FFF7D7FFFEF7EB
:1029000097FFFFF7EBFFFEF7C9FF084B01201A788E
:10291000032353430433984064220023C11707F074
:10292000CDFAFEF70DFFFEF79DFF10BDE91A00106E
:1029300010B51B4B1B78002B30D0FFF78FFBFFF738
:1029400001FC20220021174805F00DFC0123164A46
:102950001370164A13700722154B1A700023154A7C
:102960001370154A1370154A1370FDF769FE144C65
:1029700020606160FDF764FEFEF752FD02000B006F
:1029800010490A604B602068616806F0AFF80E4B92
:10299000002206F00DFA0D4B1860596010BDC046BC
:1029A0005003001048110010170400101604001006
:1029B00025000010080400102B0400107D120010E8
:1029C000480400104004001000003F40680300105D
:1029D00070B5154B1B78002B24D0FFF73FFBFDF79C
:1029E0002FFE0D0080210400104A114B0020C90564
:1029F00006F030F902000B002000290006F076F8FE
:102A0000FEF70EFD0B4B18605960FFF79BFB002093
:102A100000210022084B18605960084B1A70084BBF
:102A200001321A7070BDC04650030010FCA9F1D2EB
:102A30004D62503F90140010700300107D12001082
:102A40002104001010B5174B1B78002B29D0FFF77D
:102A500079FBFEF7BFFDFDF7F3FD134C20606160CD
:102A6000FDF7EEFDFEF7DCFC2268636806F03EF839
:102A700080230022DB0506F09BF900220B4B06F0B9
:102A800097F90B4B01221860596000200021094B77
:102A900018605960084B1A700023084A1370084ADE
:102AA000137010BD500300104004001000002440BB
:102AB00068030010700300100E04001008040010DA
:102AC0007D12001010B5094B1B78002B0DD0FFF7BD
:102AD00039FBFEF7BFFDFEF7BDFD0122044B1A7066
:102AE0000023044A1370044A137010BD50030010F1
:102AF000220400102B0400107D1200107FB50C0082
:102B000018490C220600763101A805F00BFB0025C0
:102B10000223B3426D41651BADB26421280006F06B
:102B2000F5FFC821AC0880B26419241A49002800B6
:102B300006F0ECFF01AB9B19013B80B220181C781A
:102B400007210019013007F051F9074BC8B21B7873
:102B5000002B03D0002803D00138C0B204B070BDF0
:102B60000620FBE7EFB800001404001070B5050064
:102B70000E000324FDF780FC2878002800D170BDEA
:102B800032002100FDF7EEFB2B78202B05D1033C12
:102B9000E4B20634E4B20135EEE72E2BF9D1013C64
:102BA000F6E70000F0B5354B354D1E78C3B0002E6A
:102BB0005FD12E21280005F00EFB310004007D229C
:102BC00022A8219605F0CFFA2900684605F016FBE9
:102BD000002C06D06B46651B5E55611C21A805F0D4
:102BE0000DFB6846FDF7C2FC264B01261A7803232D
:102BF000534304339E40F71732003B0007F05EF961
:102C0000040021A80D00FDF7B1FC02000B0030000C
:102C1000390007F053F9FA220023920007F02AF94D
:102C200024184D4121E00C00303CE4B20135092C60
:102C300006D90E00613E0C00052E01D8573CE4B2C7
:102C4000110F1B011201044022430B432978002974
:102C5000E9D10C490878032141430120043188401F
:102C6000C11707F02BF904000D002000290043B024
:102C7000F0BD00220F201300E8E7C0460B0400104F
:102C800078030010E91A001070B5064D0400280002
:102C900005F0ACFA611C021B4919601905F042FAF3
:102CA00070BDC0469902001010B5064C207800286F
:102CB00006D00138C0B2FFF7E7FF2378013B23704D
:102CC00010BDC0461A030010F8B5084F05003800C3
:102CD000CE190C0005F08AFA021B601C3100C019E5
:102CE000013205F062FA3570F8BDC0469902001055
:102CF00070B50524444315482418200005F076FAE1
:102D00000500134805F072FA7F23EAB29B1A984235
:102D100012D22000FFF7FAF90A2808D90D4B1978CA
:102D2000002904D04A1C20201A70FFF7CDFF00268E
:102D3000EDB2F3B29D4200D870BD064BA05D19788C
:102D400001364A1C1A70FFF7BFFFF2E7580C00105B
:102D5000990200101A030010F0B5042400261E4B3F
:102D600085B000255A5D002A01D10136F6B2013541
:102D7000042DF7D1013CE4B20433002CF1D1002E34
:102D800028D0FDF7DDFA310007F030F82700CBB28C
:102D900002930395104BBD00039EED182B78002B7A
:102DA00010D1631CDBB20193029BA34209D1FDF752
:102DB000C7FA0A2106F030FF89B24B42594101316E
:102DC0002970019C013EF6B20135002EE6D1013793
:102DD000042FDFD105B0F0BD3D030010F7B50400AE
:102DE000FDF788FF431E9841C3B20093022C2AD1FD
:102DF00000210B008C46434E0836042072181779C8
:102E0000002F08D01578BD4205D1013515716546F2
:102E100001331570DBB20138C0B201320028EED1A7
:102E200004390A000C32E8D1002B01D001230093B1
:102E30002000FDF75FFF009B1843C0B2002801D0BF
:102E4000FFF78AFFF7BD042C1CD1002320009C460D
:102E50002C4E32000321D778002F08D09578BD4240
:102E600005D10135D570654601339570DBB2013966
:102E7000C9B2013A0029EED10138C0B204360028A7
:102E8000E7D1D1E7012C1DD100210B008C461D4A52
:102E90000420451A101801901778002F09D05618F1
:102EA000705DB84205D10130107060460133705535
:102EB000DBB2019801328242EED1043908000C30B5
:102EC000E6D1B1E7032CB3D1002304209C460D4E7C
:102ED000320021001778002F08D05578BD4205D167
:102EE00001351570654601335570DBB20139C9B241
:102EF00001320029EED10138C0B204360028E7D1F2
:102F000092E7C0463D03001070B5114A13780133B3
:102F10001370FDF795FB0022002306F07DFF0028CB
:102F200011D00C488021038800241A0001250901D2
:102F30008A4209D300228B4200D8CA1A9B189BB23E
:102F4000002C00D0038070BD01322C0092B2EFE75C
:102F500074010010560C0010F8B50023134E3370A6
:102F6000134C144D2778EB5D202B04D1280005F07D
:102F70003DF9874209D32778EB5D202B04D0280048
:102F800005F034F9874204D3F8BD23780133237068
:102F9000E6E7237830005A1CEF5C227005F026F932
:102FA0000023301807704370E5E7C0461C0300108B
:102FB0001B03001099020010F8B50F4D0400280003
:102FC00005F014F97F2811D80C4E3378002B0ED061
:102FD000002C0FD0062C0AD86034E7B2280005F088
:102FE00005F900232D182F706B703370F8BD2E2754
:102FF0000A2CF3D03034F0E778030010F903001006
:1030000010B5064B1B78002B03D00122044B1A701D
:1030100010BD0A20FFF7D0FFFAE7C0460B040010EE
:10302000F903001010B5FFF7EBFF10BD10B5092034
:10303000FFF7C2FF10BD10B5FFF7F8FF10BD10B5C8
:103040000820FFF7B9FF10BD10B5FFF7F8FF10BD5E
:1030500010B50720FFF7B0FF10BD10B5FFF7F8FF60
:1030600010BD10B50620FFF7A7FF10BD10B5FFF784
:10307000F8FF10BD10B50520FFF79EFF10BD10B57D
:10308000FFF7F8FF10BD10B50420FFF795FF10BD46
:1030900010B5FFF7F8FF10BD10B50320FFF78CFF48
:1030A00010BD10B5FFF7F8FF10BD10B50220FFF7F7
:1030B00083FF10BD10B5FFF7F8FF10BD10B501205C
:1030C000FFF77AFF10BD10B5FFF7F8FF10BD10B580
:1030D0000020FFF771FF10BD10B5FFF7F8FF10BD1E
:1030E000F0B50C008BB0202109921322019005F05D
:1030F0003AF80020019BE100824CD87464180490D7
:1031000022686368834206DA1900100000234242F5
:103110008B41012104917C490125097805917B4966
:103120000888002106F0CAFE0A22002306F0C6FE27
:103130000323059A53432A0004339A40D31706F019
:1031400099FE052200238018594100230A2206F027
:1031500091FE030006000F000B4318D1019D019A58
:10316000303312359374049B002B0AD000260027BD
:103170002D23013D2B703E4303D06549019805F096
:103180003DF809990198FFF7F1FC0BB0F0BD614BD8
:10319000019C1B781334002B00D0AEE0059B002B64
:1031A00021D0019D300039000A22002306F062FE82
:1031B0003032AA7400230A223000390006F05AFE89
:1031C000019B013D5B1B059ADBB206000F009A4292
:1031D000E8D81300013BDBB2DA43A218E41A531E0D
:1031E0002E22023C1A70049A250094460124019B69
:1031F0006344059333003B43B5D0059B9D4277D98B
:103200006B1E3000390002930A22002306F032FEC2
:103210006B1E30321A7030000A220023390006F08B
:1032200029FE029A0F000599060023008A420BD955
:103230005522524254430133E4B2DBB2552C03D839
:103240002021AA1E029211701C00029DD2E7634643
:1032500033400293FB0FDB07039315D5029A039BC0
:1032600001204042C11712184B411021012349424D
:1032700011430291012000215B420393029A039BB8
:1032800012184B41029203936B461B7A5722092B6B
:1032900000D8273A9B186246651E2B70FB171A4010
:1032A000002306920793069A079B92197B41100010
:1032B000190002091B0713431E00089B0F119D42B2
:1032C0000AD9059B05995A1C0323D2B20B400592DB
:1032D00002D1A51E20332B7033003B4300D142E7BF
:1032E0002C00019B049A9B180893A342AFD325009E
:1032F000049B002B00D03BE73FE70F2305959C463E
:10330000EFE7C046F01A0010E91A0010440200105E
:10331000A8B100000B040010F0B52D4CA5B02000A2
:1033200004F064FF002803D120002A4904F066FF5E
:10333000FF247D22002104A8039404F014FF21003F
:10334000002403AD8022280004F00DFF23AB1C7085
:10335000214B1C70FFF700FE0094204F380004F052
:1033600045FF00280BD12B78FF2B06D01C4B1D4AA4
:103370001B782900D05CFEF79DF925B0F0BD380020
:10338000FEF7C4FE009B5C1CFF2815D1009BE4B235
:10339000DB43E318DBB23800019304F027FF019B05
:1033A000661EF6B283420AD2019BFB5C2E2B0AD129
:1033B000243BAB550134E9E7009BE6B2E854FFF744
:1033C000CBFD0096C9E7303BDBB2092BF1D9F6E71C
:1033D00099020010ACB100001B0300101C03001088
:1033E000540400107310001070B5054B054C1B7889
:1033F00025782370FEF702FB2570FFF78DFF70BD67
:103400005504001054040010F0B5BE4A85B013787E
:10341000002B09D000230120BB490B70BB490B7066
:10342000BB490870BB490B70BB4B1B78242B00D0E9
:103430009AE0BA4D00242B78012B06D1B84A1370BC
:10344000FEF7EEFE2C7005B0F0BD022B00D086E03A
:10345000B44B2C701C70B44BB44D1B7814702A788C
:10346000002B2CD0002A27D0B14C200004F0BEFE47
:10347000B04FB14E002809D0052033780422FB5C00
:1034800021005843AD4B181804F04CFE0521337849
:103490002000FB5C5943A94B591804F0AFFE0023F0
:1034A0002B70FEF7BDFE2000FEF730FEFDF710F991
:1034B0003070FEF7A3FAC6E7FFF72EFFF9E7002A00
:1034C0000FD09F4A9F4912789948D2005218C15C88
:1034D000D154062B02D001330029F8D100232B70E0
:1034E000B1E7994B1B780293002B04D0FFF714FF30
:1034F000FEF75CFEA7E7954B1B78002BA3D0944BFF
:10350000FF261C782000FDF74DFB01340500E0B2DA
:10351000FDF748FB0400FDF75BFB854F0190380089
:1035200004F064FE631B0393019B06401A1B611E9B
:103530000132A81904F039FEFF230398854A184088
:10354000019B801B9A1A121A181A0299013004F072
:103550000AFE32003900280004F0E4FD73E702237C
:103560002B707D4B1C706EE7232B11D16B4D2C788B
:10357000002C06D0794E03213078013006F036FC5D
:103580003170013C631E9C41734B2C70002233E070
:10359000252B0AD1614A1178012914D100236449ED
:1035A0006F48137004F02AFE4DE7262B0BD15B4ABF
:1035B0001178012907D1002469495D48147004F08D
:1035C0001DFE684BCEE7604A1278002A16D0262BE3
:1035D00014D1654B1A78654B1A70654B1A78654B98
:1035E0001A70574B1A78644B1A7000234B4A1370A9
:1035F0004C4A13700122614B1A7024E7574909782D
:10360000002948D1454C2178122B09D1002937D106
:10361000002A4BD0FFF780FEFEF7C8FD414BB5E70F
:10362000182B04D100292BD1FDF748F80BE7192BF3
:1036300004D1002924D1FEF77BFF04E71D2B0AD11A
:1036400000291DD1FDF73AF8FDF738F8FDF736F8F7
:10365000FDF734F8E8E71E2B0AD1002910D1FEF758
:1036600067FFFEF765FFFEF763FFFEF761FFE2E726
:10367000212B05D1022900D0BDE0FDF711F8E2E6CB
:1036800027224A439B183E4ADBB2D05CFFF730FB4F
:1036900000232370D7E6012900D0D5E0002B0DD1FF
:1036A000234804F0A3FD7F2800D9CCE620202D4B31
:1036B00019784A1C1A70FFF707FBC4E6012B02D1E8
:1036C0000722304B98E7022B07D12F4A1378182B8B
:1036D00000D9B8E601331370B5E6032B56D10422A6
:1036E000002429480378182B02D80C000133DBB2E0
:1036F000013AD2B2002AF6D1002C00D1A3E6037021
:10370000A1E6C046FD03001078030010540200102B
:1037100015040010380400102A04001008040010DA
:103720000304001007040010120400100604001027
:10373000990200107310001054040010580C00106F
:10374000881400107D1100101904001024040010CA
:10375000E8140010360000100C04001029040010BA
:10376000750100101A0300108A1400104611001091
:103770008B14001047110010451100101C0400109C
:103780000ECF00006A0100106C010010042B06D15E
:10379000454A1378002B00D155E6013B9BE7062BE9
:1037A00005D1414A1378062B00D94CE692E7072B46
:1037B00001D13D4BEAE6082B01D13C4AE9E7092B50
:1037C00012D104220020012438490B78002B02D0AA
:1037D0002000013BDBB2013AD2B2002AF6D1002828
:1037E00000D130E60B702EE6212B07D1304B1B7831
:1037F000022B00D141E7FFF757FA24E6122B04D140
:103800002C4B002A00D1F7E604E7182B00D10BE778
:10381000192B00D10FE71D2B00D113E71E2B00D170
:103820001DE7254804F0E2FC7F2800D90BE61F4B7A
:1038300018781D4BC0001B782033C018C0B21F4B36
:1038400019784A1C1A7036E7022900D0FBE50D2BC7
:1038500004D11B4A137859424B413CE70E2BC5D08B
:10386000212B10D1124A1278022A00D105E7154AFD
:10387000D05C134B1B78002BE1D00300613B192B6C
:10388000DDD82038DAE70A2B00D1CDE60C2B00D1A9
:10389000D1E60B2B00D1D5E6032B00D1DFE6122BAE
:1038A000E5D1002AE3D0B5E66A0100106C010010F2
:1038B0000804001007040010990200101A030010F9
:1038C0003200001060D7000010B5FEF7A9FC0B49CC
:1038D0000B4804F093FC002420000134E4B2FEF70E
:1038E00083FCFFF719FD202CF6D10022054B013C8B
:1038F000E4B21A700833002CF9D110BDACB100004D
:10390000990200107D110010F0B5AC4BADB01C78E1
:10391000002C01D001F097F984222100A848520020
:1039200004F021FCA74BA84D1E782C70002E00D16E
:10393000C2E0A64B18780438052826D806F0DCF833
:10394000030E251E8DB2A24BA2481B78002B00D17E
:10395000A14800220321FCF745FD16E00BA909A8A8
:10396000FDF718FD06AB187D002303221900FCF7B4
:1039700029FE06AB587D0023152203E0974B032256
:10398000187800231900FCF71DFE09AC0422202141
:10399000200004F0E8FB0023914A2371914B127838
:1039A0001B7801251343904A1278134314D18F4B8F
:1039B0001B78002B03D08E4B1B78002B0CD08D4B2B
:1039C0001D788D4B1B781D438C4B1B781D438C4BF6
:1039D0001B781D436B1E9D4103F02AFCAF231B0186
:1039E000984200DB8748884B984200DA1800874BE2
:1039F000AF21C0180A238900584306F011F92C237F
:103A00000026C0B25B424008181A6F4BE0701B786A
:103A10000093B3420DD008AF38000BA9FDF7BAFCF4
:103A200006AB1B7D20000093F97806AB5E7DFCF7AA
:103A300041FD774F3B78002B05D0764B1B78002B50
:103A400001D04033A370744B1B78002B01D100F0E0
:103A5000CDFF6533A37001F00BF80BA909A8FDF7A2
:103A600099FC06AB9889002303221900FCF7AAFDF4
:103A700006AB987B002315221900FCF7A3FD06ABCB
:103A8000D87B002327221900FCF79CFD09A803F02E
:103A900083FD072106F0AAF960488B000022392136
:103AA000185858E75E4B0322187800231900FCF7DA
:103AB00089FD5C4B18785EE75B4B1C78002C25D0A9
:103AC0005A4B05241B785A4D0093009A594B944643
:103AD00063440293013B187832006043032140198C
:103AE000FCF780FC0223544F009A3B70514B1E217F
:103AF000985C320060434019FCF774FC0122029B81
:103B0000512158783A706043401924E7384B4B4AAA
:103B10001B781278134300D19CE0494F7F203978FD
:103B2000FFF7D2F83D78474E103DEB433000DB17EE
:103B30001D4004F05BFB7D22009021000CA80B943B
:103B400004F011FB009A112A00D9112271190BA857
:103B500004F0E8FA002203210BA8FCF743FC3878B4
:103B6000FFF792F8384B1B78012B0AD0334B1B78A8
:103B7000002B00D109E7012203210020FDF70CFFF3
:103B800003E73225314B012218782900C00020308C
:103B90002018C0B2FCF7E6FB2D4B1B78A34206D1E0
:103BA0000635EDB2012229007F20FCF7DBFB013452
:103BB0000635E4B2EDB2082CE4D1D7E71D040010BD
:103BC000801300100D04001013040010891400105D
:103BD000280000109AB60000B0B1000033000010B9
:103BE000FE03001001040010110400102404001052
:103BF00007040010FA03001018040010020400105B
:103C000023040010EF0A000034080000CCF7FFFF87
:103C1000FC030010500300100804001028BD000031
:103C2000201C001039010010030400104C02001089
:103C3000580C00107310001026000010FD03001037
:103C40001A03001099020010290400106C010010E2
:103C50006A010010CC4BCD481C78002C00D08EE2BD
:103C6000CB4B1B78002B6CD0CA4BCB4D1E685F68CA
:103C70002A686B683000390004F038FF02000B003E
:103C80003000390005F094F80022C44B06F0C8FA61
:103C900006F042F9C24EC34FC3B202933268736852
:103CA00000920193009801993A687B6804F01EFF26
:103CB00002000B000098019905F07AF80022BA4B37
:103CC00006F0AEFA02000B000020B74906F014FD22
:103CD00006F022F9C3B20222306871680093230013
:103CE000FDF7A0FA3868796823003222FDF79AFAC6
:103CF000A84B0222186859680123FDF793FA286837
:103D0000696801233222FDF78DFA0F272500A74BA2
:103D10006235E15CEDB2791A2800C9B2FCF7BAFB52
:103D2000013428000099FCF7B5FB202CEED1FF21CF
:103D300002989F4A6230C0B213188433197011542C
:103D400023E69C4B1B78002B00D198E09A4E3478E8
:103D5000002C49D0994B1B781D001C1E18D0984A86
:103D6000013BDB00D3181D685C680022002328009B
:103D7000210006F057F8002802D080231B06E41823
:103D8000002200232800210006F060F8002812D14C
:103D90002800210006F0DEF801230322FCF712FCC4
:103DA00000233370F1E5280021000022854B04F048
:103DB00051FF05000C0028002100834A834B06F0C8
:103DC00031F80028EFD128002100814A814B06F00C
:103DD00047F80028DCD0280021000022794B04F0AD
:103DE000E7FF05000C00EEE77B4B1B78002B19D09A
:103DF00008237A4D0122032120002B70FDF7CCFD12
:103E0000012238211000FDF7C7FD22000321022006
:103E1000FDF7C2FD220038210320FDF7BDFD092377
:103E20002B70B2E56E4B6F481B78002B13D002222B
:103E30006D4B1A7004F0DAF9002807D00921002030
:103E4000FDF702FA0122684B1A709EE50200032179
:103E5000FDF7A2FDF6E704F0C9F9041E07D0112111
:103E60000120FDF7F1F900220321100086E601226E
:103E70000321FDF791FD2200032101207EE65B4B2B
:103E80001B78002B2DD05A4D280004F0AFF9040008
:103E9000112800D91124290000250BAE2200300082
:103EA00004F040F92A00032130003555FCF79AFA56
:103EB0000520504B01221C784F4B03211B5D5843BA
:103EC0004E4BC018FCF78EFA01233F222000290038
:103ED000FCF778FB4A4B5722187801230138C117A9
:103EE00051E5484B1B78002B37D0474B1C78474B8C
:103EF0001B78002B09D002233B4D00220E2120000D
:103F00002B70FDF7C3F901238AE7414B1B78002B87
:103F100003D0032C01D9043CE4B23E4B1B78002BA8
:103F200003D0002C01D0013CE4B220000022062185
:103F3000FDF7ACF9601C00223B21C0B2FDF7A6F9E9
:103F4000201D01220621C0B20534FDF79FF9012290
:103F50003B21E0B2FDF79AF917E52F4B1B78002BB8
:103F600060D00223204D03222B702C4B1C780023A1
:103F7000601C1900FCF726FB294BA40000221B2122
:103F8000E058FCF72FFABEE71F040010C6B100008E
:103F900016040010400400104804001000004040C7
:103FA000701100106811001000003040481100101E
:103FB00080130010FC0300102004001054020010B5
:103FC00058020010000024400000901EC4BCD642DD
:103FD00000003426F56B0C43FB0300102500001095
:103FE00027000010780300102600001012040010B3
:103FF000990200105404001073100010580C0010A7
:104000007210001019040010881400101A04001017
:104010008B1400108A140010050400109802001080
:1040200068BD0000E04B1C78002C2ED0DF4804F067
:10403000DDF8DF4C011E0ED012210120FDF704F93E
:104040002178002900D1A0E400220139C9B20BA8CF
:10405000FFF746F899E42378012B0BD9023BDBB23A
:10406000020019000BA8FFF73BF821780139C9B20B
:104070000122ECE7002BFBD1CE490BA804F0BEF8DF
:1040800001210BA8FEF772FD7FE4CB4B1E78002EBA
:1040900049D0CA4B220019786D20FCF761FDC84B4E
:1040A00001221978AA20FCF75BFD2200442161203F
:1040B000FCF758F9C34B220018784A21FCF7C6F9DF
:1040C000220059217220FCF74DF9BF4B22001878CD
:1040D0005F21FCF7BBF901224421B220FCF742F931
:1040E000BA4B01221D784A212800FCF7AFF90123C1
:1040F000592228002100FCF765FA1F2D04D901225E
:104100006E212800FCF72EF9B14B1B78002B00D153
:104110003BE4B04B1A78002A00D036E444213F201B
:10412000FCF720F931E4AC4B1C78002C5AD0AB4B97
:104130001C78AB4B1B781C434AD00BAC18222021B7
:10414000200004F010F8A74909AD062228002676C1
:10415000023103F0E7FF3300A348002206E0E95CE8
:10416000890061188E540132042A02D0865C0A2E1E
:10417000F5D101300133FF30062BEED12000FDF7E1
:10418000C7F8FFF702FC7D19EEB23000FCF70AFD1C
:1041900001360500F0B2FCF705FD401B013813287D
:1041A00000DD1320FF230BAE03401A00290030006E
:1041B000009303F0B7FF0023009A0321B3543000AB
:1041C0003A00FCF70FF9012C01D1FFF7DEFB0124C7
:1041D000864BE7B21D782E19FCF708FD8642D2DB2C
:1041E000FFF7D3FB824B1B78002B00D18BE005221D
:1041F000804909A803F096FF142220210BA803F0A0
:10420000B2FF282206AB9B181C707B4B7B4C1B78A3
:10421000002B00D17A4C200003F0E8FF21000200BF
:104220000BA803F07FFF774B774C1B7806AA7F3BE8
:1042300093772378754A013B9B009D58280003F033
:10424000D5FF290002000EA803F06CFF704F09A8EB
:104250003B683A68DB17FCF747F9102209A90BA85D
:10426000FDF7C5F8002203210BA8FCF7BBF83B685B
:10427000207899B2FEF742FC1422060020210BA8F8
:1042800003F071FF2822002506AB9B181D70022247
:10429000202109A803F067FF002306AA93731300E7
:1042A0005F225A73574BECB21B78002B1BD1B442E0
:1042B00005D3A11B0131C9B209A8FCF7FBF809A875
:1042C00003F094FF03240200200068430BAB18188E
:1042D00009A9013503F026FF072DD8D101222100BD
:1042E0000BA8FFF738FB0722534301339B1BE4184D
:1042F0003B68E4B299B2444B1878FEF721F8844247
:10430000DDD82100D8E7434B1C78002C00D18DE08C
:1043100008A907A8FDF73EF806AB5C7A06223E49DD
:104320000BA81F7A03F0FEFE20000A2105F074FCA2
:104330003031CBB220000A21009305F0E7FB0A21BF
:10434000C0B205F069FC09243031CBB2334E029380
:104350000BA909A803F052FF304B35781B78FB1AE4
:10436000EB18D9B25AB21B065CD51831C9B209A8EC
:10437000FCF7A0F8009A06AB1A74029AAD00DA7343
:10438000274B2100E8580022FCF72CF8A11F243409
:104390000122C9B209A8E4B2FCF724F80136752C51
:1043A000D6D1FFF7F2FAC0462704001078030010B8
:1043B000EA1A0010DFB10000FE03001037020010FF
:1043C0003A02001048010010791100103802001064
:1043D000FF03001000040010240400101E0400104D
:1043E000100400106FB90000E9140010E814001068
:1043F0000104001036B2000014040010B4B1000033
:10440000BDB100003C0200103B020010D0CF000004
:1044100040020010250400103BB2000036010010DD
:1044200028DA0000172AA2DD18399FE7E54B1E782D
:10443000002E24D00222E44B21001A70E34B0132FB
:1044400018782300FCF7BEF8E14B5D2218782100B4
:104450002300FCF7B7F8DF4B1B78002B00D1F1E409
:10446000DD4B2100187821222300FCF7ABF8DB4B51
:104470003F22187821002300FCF7A4F8E2E4D84B8F
:104480001B78002B2FD0112231000CA80B9603F0C3
:104490006AFED44D03222878330000210130FCF756
:1044A00091F8FCF7B5FBD04B0BAC8000C158200055
:1044B00003F0A4FECD49200006F04CFE2B78CC4A38
:1044C000DB009958200006F045FE2B780F21267559
:1044D000082B00D9063100222000FBF783FFFCF7F0
:1044E000ADFBFFF752FAC34B1C78002C00D19FE0C4
:1044F0000BAC210009A8FCF74DFF23780824092BF9
:1045000000D90234BC4B00251B780093BB4B1B78B1
:104510000493009B072B06D80A20B94B009A9D5C98
:10452000049B5D434543B74BFA261B68B6000293D4
:10453000B54B1B680393B54B039A1F68029B390068
:10454000981AC343DB171840704305F069FBB04B62
:10455000059018682100704305F062FB059B00225E
:104560001818441BE343DB171C40AA4BAA4D1C60E0
:10457000AA4B03211B68E42073432B60FBF7F2FE78
:10458000029B0922D91702980023FCF71BF800228E
:104590001B21AA20FBF7E6FE039B2122D9170398D3
:1045A0000023FCF70FF800223321A820FBF7DAFEE6
:1045B000002339223800F917FCF704F800224B21B8
:1045C000B420FBF7CFFE0023512219000498FBF71B
:1045D000F9FF0023632219000098FBF7F3FF002284
:1045E00069216820FBF7BEFEFCF728FB01224B2166
:1045F000B220FBF7B7FE6421200005F011FBC117C4
:1046000004F0EAFE0022864B04F0D2FB0123512283
:10461000FCF708FE01226921E120FBF7A3FE31002F
:10462000286805F0FDFA01236F22C117FFF7ABF9E7
:104630007C4B1B78002B2AD07B4B22001D7803215A
:1046400002352D01EDB22800FBF700FF0322280000
:1046500021000123FBF7B6FF5A22FE21734803F025
:1046600082FD0627E6B23000674380381B37002200
:104670003900C0B27619FBF775FE0134012239000A
:10468000F0B2FBF76FFE102CEBD1FFF77EF9684B11
:104690001B78002B00D1D5E0664B03221E78002347
:1046A000701C1900FBF78EFF0F25082E03D9063565
:1046B000622E00D90635604C33011E5B0022300AA1
:1046C00029000093FBF74EFEF0B20022A91DFBF774
:1046D00049FE009B0720E3185F882A00002338402A
:1046E00019001232FBF76EFF00232A002E003F064E
:1046F000FF0E380019001E32FBF764FF3036092F19
:1047000001D82A352E00009B3200E5180023E87BF3
:104710001900FBF757FF686806F0E6FB0022474BDD
:1047200004F046FB32000C320023D2B2FCF77AFDD3
:10473000404B03221B7800211B010093E3185D8985
:1047400001232800FBF73EFF1526632D05D9FA2328
:1047500006369B009D4200D30636009B3200E318CC
:104760009F89002101233800FBF72CFF632F20D8FD
:1047700035001235009BE318987B06F0B5FB00224C
:10478000274B04F015FB2A000123FCF74BFD294BB6
:1047900015351B781B01E418208906F0A5FB0022C3
:1047A000274B04F005FB0123EAB2FCF73BFDFFF7C2
:1047B000ECF8FA2335009B001E359F42DAD2063D05
:1047C000D8E7C04611040010260000105004001065
:1047D0005104001030000010520400105304001067
:1047E0000A04001054030010B8BA000039B20000E7
:1047F00050C30000230400105C0300102C040010C0
:10480000C7CF00001C000010200000102C0000107A
:1048100070010010600300104802001058030010DF
:1048200000002440FA0300106B0100109B130010DD
:10483000180400107811001000D0000000408F40D4
:10484000000059406D4B1B78002B20D06C4B03228D
:104850001878002301301900FBF7B4FE694C64207E
:104860002378002B00D15C3000221521FBF77AFD64
:10487000002221210120FDF789FD207801224342F9
:10488000584103210230FDF781FDFFF77EF85E4AB3
:104890001278002A0CD15D4B5D481B78012B03D0A8
:1048A0005C48022B00D05C48FCF732FDFFF72BFB85
:1048B0001D000024594FDA1994465A1ED2B20392B1
:1048C000624601201278511E88402D18ADB220009A
:1048D000012B02D90821081BC0B2514EC000D200E2
:1048E000C11C92190B3000920290039E0020012EF1
:1048F00000D984304B4E7218009E01313678165420
:10490000009A0298013200928842EED104220134CA
:10491000E4B294449442D3D101339342C9D10023E9
:10492000502219002800FBF74DFE3F4B1A88AA427F
:1049300000D21D801888502201230021FBF742FE7F
:104940003800230001220021455C002D4AD00131AE
:104950000429F9D1013BDBB20430002BF3D1002A4A
:1049600001D1FFF712F804252100F81AEE1A057894
:10497000AC461D18AD5DAC4536D00139C9B2013029
:104980000029F4D1043B19000C31ECD1002A01D1EB
:10499000FEF7FBFF79783B788B4205D0BB789942D4
:1049A00002D0F978994200D10022013CE4B20437E8
:1049B000002CEFD1002A01D1FEF7E7FF18222100D9
:1049C0001A4803F0D0FB18222100194803F0CBFB52
:1049D000220003211748FBF705FD01220321164899
:1049E000FEF7B9FF2A00B5E70022CBE7134B1B788F
:1049F000002B25D05B012833FFF72CF802040010B0
:104A00004D020010290000100904001008040010D5
:104A1000EBB1000004B200001DB200003D03001025
:104A2000BDBE0000801300104E0300108313001061
:104A300007140010E1B10000E6B100000C04001002
:104A40008E4B1B78002B00D106E18D4A0BAB0B92ED
:104A5000B5225A7030329A708A4A12789B5CA370E1
:104A6000022A05D1884B1B78002B01D0B423637038
:104A7000864B1B88002B05D1854B864A1B78127804
:104A8000134301D0E223A370834B1B78002B01D08A
:104A9000DA23A370814B1B78002B0AD103206B42D1
:104AA00018407F212018002D00D112390022FBF779
:104AB00099FC04222021200003F055FB00232371E0
:104AC000774B1B78002B13D020000099FBF7F2FCEA
:104AD0000A21300005F0A0F83031E17030000A21E1
:104AE00005F014F80A21C0B205F096F83031A17033
:104AF0006C4B1B78002B1AD06B4B0A211E783000B0
:104B000005F08AF83031A17030000A2104F0FEFF70
:104B10000A2180B205F080F830316170632E00D830
:104B2000A4E06421300004F0F1FF303020705F4BCE
:104B30001B78002B0FD0FBF701FE64235843C012F3
:104B40000A21053005F06CF8C0B221230A2801D8EB
:104B50003030C3B2E370564B1B78002B0ED0FCF7FD
:104B600037F8544BFF21C31A6420584305F058F816
:104B70000A21053005F054F83030E0704E4B3A7899
:104B80001B78134312D04D4B1B78002B06D04C4B97
:104B900019788A23002900D16233E370002A05D0F6
:104BA000484B1B78002B01D04323E370464B1E7803
:104BB000002E06D00D20454B197806ABC018FBF728
:104BC0003DFE364B1B78002B0AD103206B42184068
:104BD0007F212018002D00D112390122FBF702FCA1
:104BE000002E10D001235B420B93384B03201A7820
:104BF0000123104092089340DB430BA90B5404227D
:104C0000334803F08FFA334B1B78002B1BD0324B09
:104C1000FE211A78314B12019B185C8812220BA8D6
:104C200003F0A1FA23060BAADB0ED31807220121F9
:104C30001440A140093A4A40013B1A702848122208
:104C40000BA903F06FFA0020FCF762F90120FCF7D2
:104C50005FF900202DB0F0BD174B1B78002B00D161
:104C600006E7204B1B783033FEF7F4FE2023237039
:104C7000092E00D95BE7637059E7C04607040010AE
:104C8000316371002904001032000010560C00102E
:104C90001B040010000400101C0400101604001077
:104CA00013040010030400104C0200101204001042
:104CB0002404001036000010270400100B0400101C
:104CC000F9030010FB0300101904001088140010F1
:104CD00083140010180400107811001000D0000098
:104CE00076140010E91A001010B5FDF7C7FB02F0AA
:104CF000D1FB02F0EAF80020012102F035FF00208C
:104D000002F0DCF9002802D1012102F02DFF02F0AF
:104D10002DF9C820FCF7F1F87020FCF7EEF810BD73
:104D2000F0B587B003F094FA02F088F90222DC4B68
:104D3000C8201A70DB4B20321A70FCF7DEF87020A6
:104D4000FCF7DBF80021D84802F082FD0021D748AB
:104D500002F07EFD02F0DDF901220421002002F0C4
:104D600009FD00220421100002F050FD012205215E
:104D7000002002F0FFFC00220521100002F046FD99
:104D8000002002F03BFCCA4C00212000C94A03F07D
:104D9000EAF9E1222000C849920003F0C3F9B422E5
:104DA000C64BC74C1A70802200211201200003F06C
:104DB000DAF9C44AC449200003F0B4F940221F21A3
:104DC000C24803F0D0F9FCF705FB83B2039300233C
:104DD000BF4C02932378002B02D0FEF795FD207084
:104DE000BC4B1E88002E00D1D8E0701C80B2188009
:104DF000B34B9D5DFF2D00D0C2E0B74B1A78002A5F
:104E000000D18DE0FBF73CFCB24B1880B34B1B7814
:104E1000002B01D0FDF722F9012002F04FF9002804
:104E200010D00023AC4A1370AA4A1380AC4A137006
:104E3000AC4A1370AC4A1370AC4A1370AC4A13708E
:104E4000FDF71CFBFF23AB4A1370FCF7C3FA039B6F
:104E5000A94DC01A2B78984202DD2223A54A13706F
:104E6000A44B1B78FF2B00D1B0E3029A934200D1F0
:104E7000ACE3A24E3378002B44D00124A04A210099
:104E800013682000234313609E4A022713682343BC
:104E90001360220002F06EFC22000221200002F0CA
:104EA00069FC00222100200002F0B0FC2200022157
:104EB000200002F0ABFC200002F096FE2200210050
:104EC000200002F0A3FC20000022022102F09EFC40
:104ED000200002F089FE012F00D041E33A003900A2
:104EE000380002F093FC3A000221380002F08EFCF8
:104EF00000223900380002F03DFC00220221380077
:104F000002F038FC7B4B1C78222C00D02AE3FF23D4
:104F1000784A1370FFF7E8FE01226D4B1A704CE3DC
:104F20006F4B1B78002B11D06A4B1A80FDF796F857
:104F3000754B1C78754B1B78E41AFBF781FB013C21
:104F4000E300734CE4182060616065E7614A1380F8
:104F5000644B664A1B7812781343634A12781343F2
:104F60006C4A127813436C4A12781343604A1278E1
:104F7000134300D050E701332370FDF77FFA4BE76E
:104F8000362D03D82800FDF781F845E7FBF76CFBC9
:104F90002800FBF7C1FB4F4B18803DE7534B1B78B4
:104FA0000193002B54D05D4F3B780133DBB23B7053
:104FB000022B0DD807D1FCF70DFB59485949FCF7D6
:104FC0002FFAFDF797FB584B1B88424A13803CE7AA
:104FD000FCF700FBFDF7C0FB00205449FCF720FA6A
:104FE000FDF788FB4E484F49FCF71AFAFCF7F2FA36
:104FF000FDF7B2FBFBF724FBFCF712FA0D00019062
:10500000FDF72AFC00220023290001983E7004F0DD
:1050100009FF002802D080231B06ED182900404A12
:10502000404B019804F0FEFE002803D1404D2B7840
:10503000142B05D90123237000232C4A1370C4E7D5
:10504000FCF708FBFCF706FB2B7801332B70FCE622
:10505000254B1F78002F00D1CAE0304B2F4A1B7818
:105060001C490133DBB213702F4A12880A80012BCE
:1050700000D1EAE62F4C26686768022B5ED1FBF769
:10508000DFFA0B0002003900300003F035FD2A4B37
:105090002060616018685968FCF7C2F9D5E6C0461F
:1050A00039010010201C0010984004409C4004402E
:1050B000580C00101A0400008ACB00007210001077
:1050C000560400107405000016C60000F701001019
:1050D00031000010560C0010490100101904001096
:1050E0001B040010150400100E0400102204001010
:1050F000040400102A0400103300001028000010DF
:105100007C400440804004407B1100107C11001062
:105110008012001021040010170400107D120010EE
:10512000FCA9F1D24D62503F520300100000F0BFC5
:105130002B0400107003001040040010D44D032B0A
:1051400011D1FBF77DFA02000B003000390003F0AB
:10515000D3FC2A686B6820606160CE4908684968A2
:1051600003F0CAFC98E7162B2BD80024DB0726D5C2
:105170008025ED05FBF764FA02000B0020002900F2
:1051800003F068FD0B0002003900300003F0B4FCAE
:10519000C14B18605960BF4B1C685D68BC4B1E68F2
:1051A0005F68BE4B1878023805F06EFE32003B0097
:1051B00003F050FD02000B0020002900D0E7B84D9D
:1051C000D8E7FBF73DFA2A686B683000390003F036
:1051D00041FD0022B34B03F0EBFDFCF721F9012266
:1051E000B14B1A70B14B019A1A70B14B1A802CE670
:1051F000B04B1A78002A6ED0A84AAD491378013313
:10520000DBB21370AC4A12880A80012B00D11CE675
:10521000A14E34687568022B13D1FBF711FA020016
:105220000B002000290003F067FCA44C3060716083
:1052300020686168A24AA34B03F05EFC20606160B5
:105240002AE7032B22D1FBF7FBF902000B00002019
:105250009D4903F0FFFC02000B002000290003F031
:1052600045FC306071608021944E954A954B00203A
:1052700034687568C90503F0EDFC02000B002000DE
:10528000290003F039FC3060716005E7042B08D178
:10529000FBF7D6F902000B0000208B4903F0DAFC83
:1052A000BDE7FBF7CDF902000B002000290003F059
:1052B0001DFC0022854B03F07BFD814A814B03F0EE
:1052C00077FDFCF7ADF80122774B1A70794B1F7010
:1052D000774B1F80B9E57E4B1978002900D18CE00F
:1052E0006E4D73482E780136F1B2019129707249E2
:1052F0000988018077490878002845D1019B012B56
:1053000000D1A2E5634B1E685F68019B022B0AD1A6
:10531000FBF796F9704B18605960704B1860596034
:1053200030003900B8E6019B222B29D8FBF788F919
:105330000D000B006949040002000868496804F088
:1053400085FD002802D0654B1C605D60624922002B
:10535000086849682B0004F065FD002802D05E4B08
:105360001C605D600198023805F08EFD484B1A689C
:105370005B6804F055FF02000B0030003900EFE6D7
:10538000012328700B70CBE70199012900D15CE55E
:1053900021292ED8514C26686768FBF751F9020085
:1053A0000B003000390003F0A1FB4B4B06001A68DC
:1053B0005B680F002068616803F098FB02000B0037
:1053C0003000390003F0F4FC2B78454C00220193A7
:1053D000E418444B04F024FF04F09EFD2D4B023CE6
:1053E00020701C685D682A4B1E685F68019B581E10
:1053F000DAE601211A70217027E53B4A1378002B69
:1054000010D03A490B68581E0860002B06D0384B64
:105410001878FBF781F9264B188016E513700123E5
:10542000237012E5334E3578002D19D0FDF794FD29
:10543000314D280002F0DAFE00280BD02800FCF7DE
:1054400065FE03000B3BDBB2F32BE2D92800FCF72F
:10545000A3FDFAE4294B30701870FDF70FF8DEE772
:10546000274E3378002B53D0264F274B3C781D70A6
:105470002000FBF751F90E4B01341880234BE4B2A6
:105480001B783C70A34200D3DFE43570DDE4C046F6
:105490006803001040040010700300107D1200101B
:1054A0000000104000000840310000100E04001001
:1054B000560C00102104001052030010901400102C
:1054C000FCA9F1D24D62503F00002040000028406E
:1054D000170400102B040010681100107011001048
:1054E0004811001000002E4004040010500200106B
:1054F0002D040010150400101C0300101B030010E5
:105500001B0400107B110010540200107A110010CF
:10551000B54C2378402B17D0B44A13705A1C227014
:10552000B34AD05CB34B1870FBF7CAFAB24B800099
:10553000C3589847FBF7B6FC002800D185E4402308
:105540002370FCF79BFF80E40A20AC4B03211B78FF
:10555000584302F009FBFCF765FFA94B187074E48F
:1055600027009EE4A74A1178002900D1D9E0242C15
:1055700004D10023A4490B7013701EE0A34B1B78C9
:10558000042B04D133785A425341337015E0052B74
:1055900037D105AC210004A8FBF7FCFE984B1B7823
:1055A000132B17D12378172B01D80133DBB22370CB
:1055B0000022210004A801F0BFFF954B1B78002BAF
:1055C00000D199E1FBF706FF83B203938C4B1B7864
:1055D000FFF7FEFB182B04D12378002BE7D0013B0B
:1055E000E4E7142B06D163783B2B01D80133DBB2FF
:1055F0006370DDE7192BDBD16378002BF8D0013B1A
:10560000F5E7072B29D1132C06D12B78EF2B01D8E6
:105610000133DBB22B70D0E7182C04D12B78052B8B
:10562000F8D9013BF5E7142C0AD105222B78EF2B92
:1056300001D80133DBB2013AD2B2002AF7D1E9E74F
:10564000192CBAD105222B78052B01D9013BDBB2ED
:10565000013AD2B2002AF7D1DCE7082B40D105A9E4
:1056600004A8FBF797FE664B1B78132B0AD104ABFB
:105670001B88622B01D801339BB204AA138000223D
:1056800005A997E7182B05D104AB1B88002BF4D094
:10569000013BF1E7142B08D104AB9B780B2B01D80D
:1056A0000133DBB204AA9370E9E7192B05D104ABEF
:1056B0009B78002BF6D0013BF3E7152B08D104AB08
:1056C000DB781E2B01D80133DBB204AAD370D6E7F6
:1056D0001A2BD4D104ABDB78002BF6D0013BF3E7D7
:1056E000092B00D069E7132C06D14A4A13783E2BC8
:1056F0000BD80133DBB208E0464A182C0CD0142C2E
:1057000007D1454A1378062BF3D9137001F008FC32
:1057100053E7192CFAD1404A1378002BF5D0013BFE
:10572000E8E7394B1B78002B12D0242C02D1364BE2
:10573000197042E7062C03D1384B394A1A603CE70E
:10574000231F052B00D938E7304B1C70012313E7CA
:10575000344D2A78002A00D1B9E0242C02D12B70D4
:10576000FFF7DAFB012C06D12F4B1B78013B2F4AA8
:105770001370FFF7D1FB042221009143022909D1C4
:105780002A4C294B20781978013004F02FFB217026
:10579000FFF7C2FB072CEAD0032C10D1234D224B7C
:1057A00028781E7807343100013004F01FFB013CDB
:1057B000E4B2C8B2002CF6D12870FFF7ADFB231F6E
:1057C0009343DBB2002B03D1FBF718F8FFF7A4FBE0
:1057D000092C2DD10134013CE4B2FBF70FF8002C69
:1057E000F9D1FFF799FBC046240000103A020010DF
:1057F000F7010010F6010010C8BB000033000010D4
:105800002A0400100D0400101F0400108914001059
:10581000FD030010201C0010390100100CED00E009
:105820000400FA0503040010721000104C0200106E
:10583000052C01D0122C31D1BB4B1A78BB4B1B78F5
:10584000134305D1BA4ABB491278895CBA4A117030
:10585000BA4A1478002C0DD0B54BB64A1B78D05CF0
:10586000FAF75AFFB64B1880FCF708FE0023B54A3A
:10587000137074E7B44A12781343F5D0AC4BAD4AB9
:105880001B78D05CFDF734FA0122B04B1C70B04B92
:105890001C70B04B1A70B04B1C70E5E7132C08D18C
:1058A000AE48FCF733FCFAF713FFA14B1870FFF773
:1058B00033FB2300143B082B01D9FFF72DFBA84B2A
:1058C0000A21187804F022F9133C6043EDE7A54F54
:1058D000954A3B781278134302D0FDF795FD6CE6AC
:1058E000A14A1678002E0BD0137009229F4B1A7014
:1058F000FAF7A6FEFAF7A4FE01229D4B01F07DFA0D
:105900008E4B1A789C46002A00D1A8E08D4F3B7838
:10591000242C22D1012B04D12B70FCF781FC3E708A
:105920004BE6022B13D10024924B934D1C7063461F
:105930001C702B783C70A342DED0FAF781FEFBF797
:105940006FFD09238D4AFBF703FB2C7035E602231C
:1059500000223B708A4B1A70CEE7232C06D1013B04
:105960005A1E93413B70864B1E70C5E7012B1DD11B
:105970001C2C09D1FCF772FB824A137859424B4127
:10598000137000233B7018E6192C05D101227C4BC3
:105990001A7000233B70AFE7182C10D17A4A1378A5
:1059A00059424B41137000233B70A5E7022B06D1EF
:1059B000192C04D1724A137000233B709CE7704A83
:1059C0001178012919D1002313701A2C05D1462012
:1059D000FAF7A2FE5A4B18808EE71B2C05D14820FF
:1059E000FAF79AFE564B188086E71C2C84D14A2081
:1059F000FAF792FE524B18807EE702291AD1002353
:105A000013701A2C05D14720FAF786FE4C4B1880EC
:105A100072E71B2C05D14920FAF77EFE484B18800F
:105A20006AE71C2C00D067E74B20FAF775FE444B61
:105A3000188061E727256B43E318DDB2122D03D8E8
:105A40002000FCF723FBB8E5212D01D0FCF706FB75
:105A50004E4B585DFAF760FE394B1880ADE53A4B76
:105A60001978002900D1FFE0242C01D11A7006E03A
:105A7000012C07D13A4B464A1B78013B1370FBF7C8
:105A8000BDFF9AE5022C08D1414C354B207819789E
:105A9000013004F0ABF92170F1E7032C0FD13C4D3C
:105AA0002F4B28781E7807343100013004F09EF91E
:105AB000013CE4B2C8B2002CF6D12870DFE7052C17
:105AC00001D00F2C04D101233B70FBF797FFD6E7E1
:105AD0000E2C03D101232F4A1370F5E7072C02D1B6
:105AE00000222B4BC2E7082C02D1FAF797FEC6E73B
:105AF000092C07D10134013CE4B2FAF78FFE002CE7
:105B0000F9D1BCE71548132C64D02300143B082BB3
:105B100042D8134B0A21187803F0F8FF133C604376
:105B20001B4B1870ABE7C046FD03001019040010B2
:105B30004C020010731000102D040010FC03001024
:105B4000560C001008040010120400107803001016
:105B500054020010150400103804001041B2000077
:105B60007210001007040010160400102500001029
:105B700031000010F9030010260400107501001018
:105B80000C040010FB030010270000100ECF0000D3
:105B900054040010060400100C2C20D1CA4C2378A9
:105BA000D12B00D96BE705205843C84BC84AC01811
:105BB00005A9059202F022FBFAF7C0FDC54B1818A3
:105BC0002D234370D2338370237801332370FCF785
:105BD00027FB05A8FCF79AFAFAF77AFDA0E70D2C47
:105BE00036D1BD4E34782000FAF772FDB42800D8C3
:105BF00045E7B54D2B78012B00D840E7B74B1F5D2B
:105C00003800FAF789FD0400FAF776FD013083B217
:105C10000193FAF793FD019BC21AAE481918201898
:105C200002F080FA052108002A787843013AA74B50
:105C3000D21B4A434118C918C01802F0B6FA2B7893
:105C4000013B2B703378013B3370FCF7E9FA16E720
:105C5000252C03D1A04B1A78A14B07E7262C00D0A6
:105C60000DE7FDF7C1FB0AE79E4D2B78002B00D115
:105C7000E9E0242C05D1002309222B709A4B1A70DD
:105C80003AE6232C05D1994A137859424B411370B7
:105C900032E6022C0AD10122954B1A70954A1378EC
:105CA0001B2B00D928E60433137025E6042C10D1F1
:105CB000904A1378002B01D0013B137000238E49CA
:105CC0000B701378DB439B0700D015E601230B70A4
:105CD00012E6122C73D80123884A1D00E240954336
:105CE00034D1874A1278002A26D0864C200002F050
:105CF0007DFA7D280FD87F4B05AE19783000FAF772
:105D00009DFDB570804D310020002A78FBF76FFBB8
:105D10002B7802332B707D4B1A78774B1A707C4BA3
:105D20001A78734B1A707B4B724A1B7813700123DD
:105D3000734A3B7000231FE43B70774B1A70FCF7EB
:105D40006FFA6C4B1878FCF74FFA98E6062C11D1D5
:105D5000684A13781E2B01D8013313700121664B5A
:105D600019701178032208001040114200D0C3E5D9
:105D70001870C1E5082C0AD100225D4B1A705D4AEB
:105D80001378032B00D8B7E5043B1370B4E50E2C51
:105D900015D1614A3B701370FCF742FA554D5F4CC8
:105DA00029785848C900091902F028FA2878C00053
:105DB000001902F01BFA544B1870FFF7FEFB1E2C63
:105DC00016D157490222733105A802F0ABF900221F
:105DD00004AB9A71474B05A81978FAF72FFDFCF729
:105DE0001FFA05A8FCF792F9FAF772FC3C4BE3E7BF
:105DF0001F2C1AD14A490222733105A802F092F9E8
:105E0000002204AB9A713B4B05A81978FAF716FDEE
:105E100005A8FCF77BF9FAF75BFC2F4B1870FDF730
:105E2000E3FAFCF7C3F9FFF7C8FB212C02D1FDF719
:105E30004BFDF6E71D2C00D05EE50123394A1370B7
:105E40006246137058E5384B1A78002A32D0242C59
:105E500002D100221A704FE5082C07D1334C0921DA
:105E60002078083003F0C2FF217045E5022C07D1ED
:105E70002E4C09212078013003F0B8FF21703BE55A
:105E8000122C02D0052C00D036E5FDF71DFD0123B4
:105E900008222B70144B1A700023164A1370144AF0
:105EA0001370154A1370214B214A1B789B009B5895
:105EB0009847B6E71F4B1A78002A00D197E0242CA8
:105EC0003AD100221A7017E572100010580C001019
:105ED0004E45570056040010540400107310001073
:105EE0005504001019040010250000101A040010B9
:105EF0008B140010881400108A14001020800400F5
:105F00001C040010990200101A0300104611001022
:105F10004711001045110010060400107D110010FB
:105F2000EFB80000260400100504001098020010CD
:105F300044BD000027040010232C23D1C34B1A7842
:105F4000002A38D1C24BC34C1E782578002E0FD0C2
:105F5000022D14D8C0490B6848685F0FC000013299
:105F60003843DB00D2B20B60486008319642F2D170
:105F700003226B1C13402370FAF77CFCBCE4FAF795
:105F800093FCF5E7212C11D1B44C200002F02EF93E
:105F9000C3B2002B06D00023C0B22418013C2370EA
:105FA000FFF70BFBFAF752FCFFF707FB262C00D993
:105FB000A2E40A2C13D9A94E300002F017F9A84D1B
:105FC00000280AD02B78002B01D0FAF73FFCFCF711
:105FD000E9FDFBF7B5FB0023337000232B70A14BC9
:105FE000A400E3589847A04B0022FEF797FF9F4973
:105FF0000B78002B7ED09E4D28781D2C0BD19D490F
:106000009D4C0B782270034300D175E440230A7045
:1060100023702A7070E4002805D0984B2A701A78F3
:10602000954B1A7068E4934B1A78002A0CD01870BC
:106030000F2C04D8924B197809010C431C708F4B1C
:106040001A788D4B1A7057E4242C03D1864B0A70B2
:106050001A7051E4212C08D18A4B1A708A4B1A709D
:106060008A4B1A70864B1A7046E4232C0ED1854B4E
:106070001F211A70844B86481A70844B1A70804B0B
:106080001A70402202F06FF8FFF797FA132C06D12E
:106090003F21804A13783F330B4013702CE4182CB7
:1060A00006D13F217B4A137801330B40137023E460
:1060B000142C08D13F21774A1378FC330B405B182E
:1060C0000B40137018E4192C08D13F21714A137842
:1060D00004330B4001330B4013700DE40F2C00D937
:1060E0000AE46C4B6A4A1B78D15C09010C43D45416
:1060F000FFF702FC684A1178002900D17CE167486B
:106100000578002D10D0043CE4B20370052C01D9B1
:10611000FFF7F2FB80222002614C62490019520015
:1061200002F000F8FFF749FA5F4B197800290DD00B
:10613000043CE4B21D70052C01D9FFF7DDFB802281
:106140002102574C574809195200E9E7242C02D183
:106150001170FFF7D1FB1C2C0CD1544B514C197012
:1061600001231370524BFF222000197001F0FBFF36
:106170000A2314E7082C0BD14C4B4D4A19701378A5
:10618000002B01D1FFF7B8FB013B1370FFF7B4FB05
:10619000022C0DD1454B464D1970FAF727FD2C788E
:1061A0000134844201DBFFF7A7FB2C70FFF7A4FB4F
:1061B000092C0DD100213D4B3D4A19701378042B59
:1061C00003D9053B1370FFF797FB1170FFF794FBA2
:1061D000032C11D10022354B354C1A70FAF706FD0D
:1061E0002578AB1D834203DA05352570FFF784FB64
:1061F00001382070FFF780FB212C01D00D2C5BD1E2
:1062000000272B4E294B34781F702000FAF7CAFC68
:1062100001340500E0B2FAF7C5FC0400FAF7D8FC37
:106220002100021B0190280001F07CFF019B214A04
:10623000601B181A3900121A01F095FF3378BB421F
:1062400001D1FFF7BAF9013BFFF79FF90B040010EA
:10625000EA1A0010E91A0010F01A00107803001072
:10626000380400108CD9000008040010FE03001050
:1062700000040010FF030010240000103902001079
:10628000480100103A020010380200107911001085
:10629000F701001037020010240400101E04001043
:1062A000E914001036000010100400100F04001054
:1062B000E8140010350100100E2C1BD10022D44B25
:1062C0001A70FAF793FC012801D8FFF715FBD14BA0
:1062D00018780130C0B2FAF765FC03780400002B8F
:1062E00001D1FFF709FBFAF773FC021B2100013211
:1062F000601E15E70C2C16D10022C64DC44B287821
:106300001A700130C0B2FAF74DFC0400FAF760FCD5
:106310002100021B601C01F048FF0A2323702B7828
:106320000133FFF777F90B2C0FD10022B84B1A700D
:10633000B84B1878FAF736FC0400FAF749FC21004C
:10634000021B601C01F031FF12E7252C03D1012351
:106350000370FFF7D1FA262C03D101221A70FFF740
:10636000CBFA0F2C1DD1AA4B1B78002B01D1FFF7C4
:10637000C3FAA84B1878FAF715FCA74F04003E782B
:106380008319751C01934519FAF722FC021B921917
:106390002800019901F009FF0A223B78E254FFF737
:1063A0000CF91D2C00D148E50122994B1A70994B2C
:1063B0001E78B018C0B2FAF7F5FB984B0400984D60
:1063C00098420CD10A23037000232B7043702800DD
:1063D00001F00CFF904B18700123FFF7D3FA300047
:1063E000FAF7E0FB241A013C01002200280001F02A
:1063F00099FE00232B55EAE78A4A1378002B77D0C1
:10640000242C02D11170884BEEE5002C05D1874A6F
:10641000137859424B411370F5E7012C03D10C223C
:10642000834B1A70EFE7022C0CD1814A13780B2BA7
:1064300001D80133EFE7012313707E4A136801335B
:106440001360E0E7032CF8D0042C08D1764A1378C7
:10645000002B01D1FFF7B1F8013BFFF78DF8052CB8
:106460000AD1FAF7A1FF0222734B1B789343042B46
:1064700001D1FFF7A2F8C6E7062C23D16C4B6A4E78
:106480001F786C4B38001D683478ADB22900FCF7DA
:1064900035FB290001903800FBF752FF019B0721D3
:1064A000C018624B1B785A1E9341C018063003F087
:1064B000B7FB0138844201DBFFF77FF80134347009
:1064C000FFF77BF8072C02D10122594BA9E7082CD2
:1064D0000BD1574A1378012B01D9013B9BE70C23C1
:1064E0001370544A1368013BAAE7092CBBD1F8E7A3
:1064F000524A1178002934D0242C02D11370FFF7AE
:10650000FBF92500133DEBB2022B08D84C4C1821A7
:10651000605D173003F06AFC6155FFF7EDF9250067
:10652000183DEBB2022B08D8454C1821605D0130B4
:1065300003F05CFC6155FFF7DFF91D2C04D10B2241
:106540003F4B1A70FFF7D8F923001E3B012B01D9EE
:10655000FFF7D2F93A4B1C191B781D3C2370FFF74B
:10656000CBF9384B1A78002A00D1B4E0242C02D1A0
:106570001970FFF7C1F9132C08D1334C642120782E
:10658000013003F033FC2170FFF7B6F9182C08D165
:106590002D4C64212078633003F028FC2170FFF734
:1065A000ABF90F2C08D1294C64212078013003F07D
:1065B0001DFC2170FFF7A0F90E2C08D1234C64219B
:1065C0002078633003F012FC2170FFF795F9142C4A
:1065D00008D11F4C64212078013003F007FC2170A2
:1065E000FFF78AF9192C08D1194C642120786330FF
:1065F00003F0FCFB2170FFF77FF9092C2CD1154C1F
:1066000064212078013003F0F1FB2170FFF774F969
:106610000F040010E81400101A03001036000010D8
:1066200099020010010400103C0200101404001034
:106630003B020010400200102A0400102504001044
:106640003601001011040010500400105104001015
:106650005204001053040010062C08D1CF4C6421C2
:106660002078633003F0C2FB2170FFF745F91D2C41
:1066700004D10022CA4B1A70FFF73EF90D2C04D149
:106680000022C84B1A70FFF737F91E2C04D10022E4
:10669000C54B1A70FFF730F9032C04D10022BF4B11
:1066A0001A70FFF729F9212C0AD10023BB4A137075
:1066B000BD4A1370BB4A1370B94A1370FFF71CF937
:1066C000122C01D0FFF718F9B84A137859424B4100
:1066D0001370FFF711F9B64B1978002967D0242CF5
:1066E00002D11A70FFF708F9082C08D1B14C5721D4
:1066F0002078563003F07AFB2170FFF7FDF8022C6A
:1067000008D1AC4C57212078013003F06FFB217089
:10671000FFF7F2F8072C04D10022A64B1A70FFF7FE
:10672000EBF8012C04D15622A24B1A70FFF7E4F8C3
:10673000092C0ED1FAF76CFA0021884203D00D30F3
:106740000E3103F069FA9C4B5A5C9A4B1A70FFF7B2
:10675000D3F8032C0CD1FAF75BFA0C230B2801D8E1
:106760000130C3B2944AD25C924B1A70FFF7C4F85E
:10677000122C01D9FFF7C0F8904BE340DB0701D49E
:10678000FFF7BAF88B4B8E491A788E4BD2009B18C4
:1067900008681A795B7912180A608B4A11685B18CD
:1067A00013608A4A137801331370FFF7A5F8884AFB
:1067B0001078002800D19FE0242C02D11170FFF73F
:1067C0009BF8122C01D0052C03D101221A70FFF77F
:1067D00093F8132C05D17F4A13680A331360FFF72F
:1067E0008BF8182C09D17B4A1368002B01D1FFF7D5
:1067F00083F80A3B1360FFF77FF81D2C04D10022B9
:10680000744B1A60FFF778F8142C05D1724A13689C
:106810000A331360FFF770F8192C09D16E4A136818
:10682000002B01D1FFF768F80A3B1360FFF764F80B
:106830001E2C04D10022684B1A60FFF75DF8152C5E
:1068400005D1664A13680A331360FFF755F81A2C0E
:1068500009D1624A1368002B01D1FFF74DF80A3BBA
:106860001360FFF749F81F2C04D100225B4B1A601C
:10687000FFF742F8162C05D1594A137801331370EB
:10688000FFF73AF81B2C09D1554A1378002B01D198
:10689000FFF732F8013B1370FFF72EF8202C04D1DC
:1068A00000224F4B1A70FFF727F8172C05D14D4ADD
:1068B000137801331370FFF71FF81C2C09D1494AD4
:1068C0001378002B01D1FFF717F8013B1370FFF786
:1068D00013F8212C04D10022424B1A70FFF70CF858
:1068E000002C01D0FFF708F8374B1C60344B1C60BC
:1068F000364B1C70FFF700F83B4B1A78002A1DD06E
:10690000242C03D100221A70FEF7F6FF082C08D1C0
:10691000364C0D2120780C3003F068FA2170FEF718
:10692000EBFF022C01D0FEF7E7FF304C0D21207861
:10693000013003F05BFA2170FEF7DEFF2C4B1A7872
:10694000002A00D1A4E0242C03D100221A70FEF703
:10695000D3FF072C04D10022264B1A70FEF7CCFF80
:10696000012C04D17522234B1A70FEF7C5FF082CA9
:1069700008D1204C76212078753003F037FA217049
:10698000FEF7BAFF022C37D11A4C7621207801305D
:1069900003F02CFA2170FEF7AFFFC046530400103D
:1069A0005004001051040010520400103000001078
:1069B0000A0400105403001008C600002010040050
:1069C0007001001050C3000058030010280400108C
:1069D000230400101C000010200000102C000010E8
:1069E0002C0400105C030010FA0300106B0100106F
:1069F0001804001078110010092C0FD17626C84D0C
:106A0000013428783100753003F0F0F9013CE4B22C
:106A1000C8B2002CF6D12870FEF76EFF032C0FD100
:106A20007626BF4D073428783100013003F0DEF9B7
:106A3000013CE4B2C8B2002CF6D12870FEF75CFF2E
:106A40000D2C06D10120FAF721F9B54B1870FEF78D
:106A500053FF0C2C06D10020FAF718F9B04B187030
:106A6000FEF74AFF0F2C04D15822AD4B1A70FEF7E7
:106A700043FF0E2C04D12722A94B1A70FEF73CFFCE
:106A80000B2C01D0FEF738FFA54B1C70FEF734FF2E
:106A9000A44A1378002B78D0242C03D10023137040
:106AA000FEF72AFF082C08D19F4C152120781430BE
:106AB00003F09CF92170FEF71FFF022C08D19A4CBD
:106AC00015212078013003F091F92170FEF714FFB1
:106AD000092C1CD1944C15212078143003F086F930
:106AE00014310800152103F081F914310800152133
:106AF00003F07CF914310800152103F077F9143103
:106B00000800152103F072F92170FEF7F5FE032C41
:106B100018D1854C15212078013003F067F9481C05
:106B2000152103F063F9481C152103F05FF9481C97
:106B3000152103F05BF9481C152103F057F921706A
:106B4000FEF7DAFE072C04D10022774B1A70FEF70D
:106B5000D3FE012C04D11422734B1A70FEF7CCFE25
:106B60000123042C03D1714A1370FEF7C5FE062CD5
:106B700004D100226D4B1A70FEF7BEFE052C01D029
:106B8000FEF7BAFE3B70FEF7B7FE694E317800297A
:106B900026D0242C02D13370FEF7AEFE0120132C38
:106BA0000BD001200F2C17D00520142C05D0052068
:106BB000092C11D0152C04D10A20FAF7D7FBFEF7C7
:106BC000FCFC0A20082C07D01420162CF5D0072C2A
:106BD00001D0FEF791FE1420FAF7C8FEFEF7EDFC97
:106BE000544D2878002836D0242C02D12970FEF785
:106BF00083FE232C0BD101232B704F4B10224F48C7
:106C0000197001F0B0FAFCF7A7F8FEF7D6FC042CD7
:106C100001D0012C04D10320FCF7E0F8FEF76CFE54
:106C2000062C01D0032C04D10420FCF7D7F8FEF782
:106C300063FE082C01D0052C04D10120FCF7CEF80E
:106C4000FEF75AFE022C01D0FEF756FE2000FCF79C
:106C5000C5F8FEF751FE38490B78232C05D1013BCE
:106C60005A1E93410B70FEF747FE242C05D1022BD0
:106C700000D002200870FEF73FFE012B29D10870DA
:106C8000042C03D12E4A1370FEF736FE052C03D1D7
:106C90002C4A1370FEF730FE062C03D12A4A1370DB
:106CA000FEF72AFE072C03D1284A1370FEF724FEB4
:106CB000082C05D1264A1370FAF776FBFEF77DFC07
:106CC000092C03D1234A1370FEF716FE0B70FEF752
:106CD00013FE0122022B52D10870042C06D132700F
:106CE00008321D491D48FF32FFF71AFA052C04D15E
:106CF0002A70FCF731F8FEF7FFFD062C03D1184B84
:106D00001A70FEF7F9FD072C03D1164B1A70FEF727
:106D1000F3FD082C2AD1144B1A70FEF7EDFDC04686
:106D200078110010020400104D020010290000101C
:106D30001D04001009040010080400103D03001099
:106D40001104001005040010230400102404001096
:106D5000010400102504001087D7000080130010E4
:106D60001F040010FA03001018040010092C01D0B1
:106D7000FEF7C2FD0122284B1A70FEF7BDFD042C60
:106D80000BD1264B1A70264B1870264B1870264BC9
:106D90001870F9F76FFDFEF7AFFD052C03D1234BFB
:106DA0001A70FEF7A9FD062C0CD10024204B1A7096
:106DB000FBF736FA1F4B1C70FAF720FE184B1C70BD
:106DC000FEF7FBFB072C0BD163461A700023144A15
:106DD0001370194A13802D22184B1A70FEF78CFD80
:106DE000082C0DD1164B17491A7000230B70164949
:106DF0003A700B7015490B70154B1A70FEF7E2FBD9
:106E0000092C01D0FEF778FD0122124B1A70124BAB
:106E100007321A70FFF705F802040010270400106B
:106E20000B0400103804001078030010FE0300105B
:106E30001204001054040010560C00102D04001011
:106E4000FD0300101A0300105402001099020010F4
:106E5000310000101904001025000010002210B5A8
:106E600004001100022000F0D1FC2000F9F748FADC
:106E700010BDF7B5012300245027060000930194AC
:106E80007F426A46A300D05835003843C0B2FFF7AE
:106E9000E5FF0020FFF7E2FF1020FFF7DFFFE02013
:106EA000FFF7DCFF01220021022000F0AFFC287870
:106EB000F9F726FA3300013584339D42F2D1012CD3
:106EC00000D1F7BD2E000124DBE710B5AC20FFF7A1
:106ED000C5FFAE20FFF7C2FFA520FFF7BFFF10BD23
:106EE00070B50D000400012200F044FC29000122CD
:106EF000200000F08BFC70BD10B50400F820FFF7F7
:106F0000ADFF2000FFF7AAFF10BD10B504008120DF
:106F1000FFF7A4FF3F202040FFF7A0FF10BD0000B7
:106F2000202010B5064B1B781843FFF797FF0A2067
:106F300000F05AFE034B1878FFF7E7FF10BDC0467C
:106F400039010010201C0010842210B500210248D5
:106F5000520001F008F910BD181B001010B50248CE
:106F6000FFF787FF10BDC046181B001010B50821A1
:106F70000120FFF7B5FF02210020FFF7B1FF00213C
:106F80000220FFF7ADFF06210220FFF7A9FF032132
:106F90000800FFF7A5FF03210022080000F036FCDF
:106FA00000220621022000F031FC012206210220ED
:106FB00000F02CFCFFF7C8FFFFF7D0FFA220FFF77F
:106FC0004DFFA020FFF74AFFC020FFF747FF00203A
:106FD000FFF792FF0A2000F007FE4020FFF73EFF78
:106FE0002C20FFF73BFF322000F0FEFD2E20FFF7A4
:106FF00035FF322000F0F8FD2F20FFF72FFF0A2089
:1070000000F0F2FDFFF78CFFAF20FFF727FFA42071
:10701000FFF724FF10BD000070B505000024054BEC
:107020002900E05C044B0134C01800F011FC0A2C6C
:10703000F5D170BD88DA000000400440F7B50E4E6F
:107040003468002C16D11020FFF7E6FF0B4D2B788B
:107050006F781800002239000193013400F08AFB98
:1070600001223900019800F0D1FB02350A2CEED143
:1070700001233360F7BDC046241C001092DA0000E3
:10708000F8B500250B4C26786778012239003000CE
:1070900000F070FB013500223900300000F0B6FB33
:1070A00002340A2DEFD10020FFF7B6FF0022024B79
:1070B0001A60F8BD92DA0000241C001070B50500BB
:1070C000FFF7BCFF002D09D001220721022000F0AC
:1070D00051FB00220721022000F098FB0B21002029
:1070E00000F06AFB0124002805D00B21002000F0ED
:1070F00063FB44424441002D09D0002207210220B5
:1071000000F038FB01220721022000F07FFB200065
:1071100070BD012210B510000B2100F02BFB0022E6
:107120000B21012000F072FB01220221032000F05C
:1071300021FB00220221032000F068FB10BD0000AB
:1071400037B51021224A0500136801208B431360D4
:107150008023204A9B0111681F4C0B4313600B21B5
:10716000002200F007FB00220B21012000F04EFB63
:107170009F211A4B1A688A431A601A6818491A60C4
:10718000184B186802F04CFD0302802018432A00B7
:1071900002212060032000F039FB142000F024FDC0
:1071A000FF2223689343236022680F4B13430F4A47
:1071B000236013680193019B002BFADA23680C4AC1
:1071C00013402360FFF7A5FF01980004800D3EBD2A
:1071D000388204408080044000C001409840044050
:1071E00000093D00381C0010800000012CC0014047
:1071F000FFFFFFF810B50D4C2068002814DA0020BE
:107200002060FFF79DFF0A280BDC0120FFF798FFA5
:10721000C0230138FF385B00984202D8803BFF3B17
:107220002360FFF776FF206810BDC0463C010010C8
:1072300010B5FFF7DFFF002801D1002010BD0120AD
:10724000FFF77EFF011EF8D0014802F0E9FCF5E7E8
:1072500050BB12000222074B10B51A60064BA03239
:107260001960064B1A70013258709A7001F054F888
:1072700010BDC046301E00101C1E0010081E00105D
:107280000022064B023110B51960054B1A60054B00
:10729000A2321A70587001F03FF810BD301E001075
:1072A0001C1E0010081E001070B505000E000324FF
:1072B00031002800FFF7CEFF0223FF33984202D0AF
:1072C000013C002CF4D170BD70B505000E00032404
:1072D00031002800FFF7D4FF0223FF33984202D089
:1072E000013C002CF4D170BD0A4B10B51B68002B7B
:1072F0000ED0094CA31CA270140A5C70140C120E60
:10730000DA709C70FFF7E0FF831EFF3B5A42534147
:10731000180010BD281C0010081E001070B50E4C7F
:107320002468002C15D00D4C160AA270E670160CBD
:10733000120E6271A371A21D26711C0A54701C0CDE
:107340001B0E9470D370FFF7BFFF841EFF3C634297
:107350005C41200070BDC046281C0010081E0010B3
:10736000064B10B51868002807D007210220FFF748
:107370009BFF0238FF384342584110BD281C0010C3
:10738000064B10B51868002807D007210220FFF728
:107390009BFF0238FF384342584110BD281C0010A3
:1073A000012110B50800FFF77FFF0223FF33984249
:1073B0000FD10120084B1860084B1C78230706D01A
:1073C0000323074A234001009370FFF77DFF20004D
:1073D00010BD01246442FAE7281C0010201E001092
:1073E000081E001010B5FFF7DBFF01210220FFF798
:1073F0005BFF0223FF3398420FD1084B1B787F2B92
:1074000006D9842207210220054B5204FFF786FF8C
:1074100004210920034AFFF767FF10BD201E00105A
:1074200002011400808080800A23021153430F223E
:1074300010401818704770B50A21050002F0F0FBE3
:107440000A210401280002F0D1FC2000084370BD8D
:10745000C12210B5520002210E20FFF745FF012284
:10746000014B5A7110BDC0462E1C001010B5084CBF
:107470006379002B01D1FFF7EBFFA279237952004A
:1074800001211A430C2308001A43FFF72DFF10BDFA
:107490002E1C001010B5054B1A79002A05D00022C9
:1074A0001A711A72DA70FFF7E1FF10BD2E1C00107E
:1074B00070B51D4C0D0061782378A278090219433C
:1074C000E378120411431B06184A0B4313401A0AAF
:1074D000237062701A0C1B0EE37063792179A2701D
:1074E0001B02134A0B43134023711B0A06006371EE
:1074F000A079FFF799FF0F4B1B881B183380607929
:10750000FFF792FFB070E078FFF78EFFF070A07881
:10751000FFF78AFF28706078FFF786FF6870207891
:10752000FFF782FFA87070BD201E00107F7F3F3FD5
:10753000071F00002C1C0010F7B504880E00050082
:1075400064212000019202F067FB114B8FB2E41B13
:107550001C80B078FFF76FFF0E4CA0707078FFF7BB
:107560006AFFE0703078FFF766FF2071E878FFF778
:1075700062FF019B6071A371A878FFF75CFFE07167
:107580003800FFF758FF2072FFF7FAFEFEBDC04635
:107590002C1C0010081E001070B5962283780688F7
:1075A000050000205201B618010002229A42414112
:1075B000761A022B00D80C30C01899230338584390
:1075C0006E240521023002F02BFB6421FF3474434A
:1075D0000419B01024184942300002F021FBC821E0
:1075E00024184900300002F01BFB034B2018EC78F4
:1075F000C018001970BDC046D382FFFF10B5002827
:1076000048D08021254A13688B4313600123244905
:107610000A681A42FCD00322224B1A60012300217F
:10762000214A13601160136011681942FCD01F4A8F
:107630001F49136080230C685B0223430B60002802
:1076400004D1802315490C6823430B60194B19683A
:1076500081421ED01860431E9841174B404218408B
:10766000164B1168C01802F051FAFA21144B890028
:107670001860040002F0D4FA1E23C8214343114AC3
:1076800020001360490102F0CBFA0F4B186000F0A4
:10769000C9FD10BD034B1860C0E7C04638820440E6
:1076A0000C80044070800440748004407880044062
:1076B000808004404001001000512502001BB700EB
:1076C000381C0010401C00103C1C001010B500F0CD
:1076D00043F8134A002113681B0B1B031360114A64
:1076E00013681B0B1B0313600F4A13681B0B1B0350
:1076F00013600E4A13681B0B1B03136001220C4B13
:1077000019600C4B1A6019601A6019681142FCD09C
:107710002322094B01201A60FFF770FF10BDC046FD
:107720000080005000800150008002500080035013
:1077300040800440448004400880044010B5034B5E
:10774000034A04481A6000F0E2FC10BD441D00101A
:10775000441C0010B2DA00004023044A11680B43B5
:1077600013600122024B1A707047C04680800440AB
:10777000481D00100E4B70B51B7804000E0015005C
:10778000002B01D1FFF7E8FF631E022B0AD8094B3B
:107790002004C01801230268B340012D04D1134313
:1077A000036070BD0348F5E79A430260F9E7C046FD
:1077B000481D0010008000500F4B70B51B7805006D
:1077C0000C00002B01D1FFF7C7FF0020032D0BD8C1
:1077D0002800012302F090F902090B0D074AA3408B
:1077E00010681840431E984170BD054AF7E7054AE6
:1077F000F5E7054AF3E7C046481D0010FC3F00507E
:10780000FC3F0150FC3F0250FC3F03500E4B70B553
:107810001B7804000E001500002B01D1FFF79CFF20
:10782000631E022B0AD8094B2004C01801230268EA
:10783000B340012D04D11343036070BD0348F5E745
:107840009A430260F9E7C046481D0010FC3F005013
:10785000084B70B51B7804000D00002B01D1FFF719
:107860007BFF182223689343236021680D43256022
:1078700070BDC046481D00103F224021044B1A60D5
:10788000044B3E3A1A60044A13688B4313607047F6
:1078900024800440D8800440388204404021044AB7
:1078A00010B513688B431360FFF7E6FF10BDC046A9
:1078B0003882044010B500F0F5FCFFF7E1FB002131
:1078C0000948FFF7C5FF00210848FFF7C1FF002165
:1078D0000748FFF7BDFF00210648FFF7B9FF002169
:1078E0000548FFF7B5FF10BD0840044000400440C4
:1078F000AC400440144004401C40044010B501203A
:10790000F8F7A8FC10BD00008022124B10B5DA6712
:107910009218DA678022D200DA6780225201DA6791
:1079200080221201DA6780229200DA6700230121A7
:10793000094A49421360094A1160094A1360094A19
:107940001360094A01331360084A1360FFF7D6FF3A
:1079500010BDC04604E100E00482044008820440F7
:1079600004C000403CC0004000C000400040014056
:10797000064A10B5136801331360054B1868FFF70A
:107980003DFEFFF7C1FFC046C04610BD501D0010B0
:1079900040010010F0B585B00C00019072B6FFF701
:1079A00089FF554B554D1A68554B1A60019B5A1E5D
:1079B00093413F225B429343524A9B18524A1360C1
:1079C0000423524A11680B43136000232B60A30762
:1079D0001AD04F4A4F4913680B40136029684E4B29
:1079E000A20700D482E0EC2252010A432A608022DE
:1079F0001A6092181A608022D2001A608022520106
:107A00001A60802212011A60019B002B53D00024BF
:107A1000424B434F434E3C601C60434B21001C6073
:107A2000424B30001C60FFF713FF220009212000A9
:107A3000FFF7A0FE220009212000FFF7E7FE8021CA
:107A40003B4A3C4813680B4313600722336876397E
:107A5000934333603368053A13433360019B5843C3
:107A600002F054F80322344B34491860344B1C6044
:107A7000344B1A60344B1A680A4080211A601A6825
:107A80000A431A608023244A21499B0013600A6834
:107A90001A430A602A68022113432B6001232B4AF0
:107AA00013602B4A11602B4A136014601360116835
:107AB0001942FCD03B6001220021274B52421A6040
:107AC000264A13680393264B196062B630BFC0463E
:107AD00003991268914207D101221A60214B18685C
:107AE000FFF78CFDFFF710FF05B0F0BD80221201FB
:107AF0000A432A6085E7C046388204400482044075
:107B000034820440FF1800003082044010ED00E091
:107B1000008204407FE2FFFF00E100E0040001403A
:107B200004C000406440044004400140048001401F
:107B300080800440841E000018C000400FF0FFFF4A
:107B400008C0004014C000403CC0004078800440A1
:107B5000708004407480044008820440501D00106E
:107B60004C1D00104001001070B505000E0065248A
:107B7000013C002C07D031002800FFF70BFF024B1F
:107B80001B68002BF4D170BD4C1D0010074B1A6808
:107B9000013203D106490A6801320A601A680132CB
:107BA0001A60044A13680133136070475C1D0010AB
:107BB000581D0010541D001080235B0498420AD207
:107BC0000023054A01381360044A1060044A136018
:107BD0000722044B1A6070475C1D001014E000E09F
:107BE00018E000E010E000E00B4A1368002800D124
:107BF0000130C143994209D2591C081811689942B1
:107C000000D2704711688842FCD8F7E71168C91A9A
:107C10008142FBD3F5E7C0465C1D0010014B18689C
:107C20007047C0465C1D00100122034B1A60034AD6
:107C3000136801331360704700C00040601D0010DE
:107C40000122034B1A60034A136801331360704723
:107C500000000140641D00100122034B1A60034A1A
:107C6000136801331360704700400140701D00101D
:107C700070B50124164B174A1C6013681B1913605A
:107C8000154B1A68002A13D01A68144D013A1A606D
:107C90001E68002E0DD0210020002A68FFF7B6FDD7
:107CA0002B680221E31A2B6020002A68FFF7AEFD43
:107CB00070BD1B6821002B6020002A68FFF7A6FD1D
:107CC000022120002A68FFF7A1FD054B1E60EFE7A7
:107CD00000800140741D0010681D00106C1D001014
:107CE000048001400E22174B10B51B681340062B71
:107CF00012D1154B90321B68134205D0134ADBB2E8
:107D00005360134B1B6810BDDB07FCD5104B186884
:107D1000C0B200F0A7F8F6E7042BF7D00C2B05D182
:107D20000A4AF43351680B435360ECE7022BEAD163
:107D3000054B1A68054B920602D500229A60E2E7CD
:107D40000122FBE70880004014800040781D0010ED
:107D50000080004000487047781D0010F7B5802271
:107D6000002107252A4B2B4C92030700019120008C
:107D7000DA67902200F0F7F9019B274EA360274BAA
:107D80001A68AA431A600122196811431960244B2A
:107D90001968A943196019681143196080232149A2
:107DA0005B01086803430B601F4B1A60823232602C
:107DB0001E4A126819681E4B1868504301F0A6FE4F
:107DC0003900000901F0A2FE10221A4B1A491A606C
:107DD000030A0B600323194FC0B238606020336080
:107DE000174B1D60174B1A6801921A680240602AEF
:107DF000FBD15F3A1868104207D122708022124BE3
:107E000092031A6005230B60F7BD38680190F1E713
:107E100004E100E0781D00100C800040A440044004
:107E2000A84004408080044098800440788004404A
:107E3000381C001028800040048000400080004072
:107E4000088000401480004000E100E02023034946
:107E50000A681A42FCD0024B186070471480004038
:107E60000080004010B50400FFF774FF437BC31887
:107E7000DC73437B0133DBB243735BB2002B01DA6B
:107E80000023437310BD70B504001D0000202E5C5C
:107E90002318002E09D1121AD518EC1A002C07DC71
:107EA000D343DB171A40101870BD26540130EEE79B
:107EB00019700133F1E7F8B5541E0F001E000500DC
:107EC00023000100092E16D90A21300001F01EFE00
:107ED0002200030039002800FFF7EDFF04002D18F1
:107EE00030000A2101F098FE30312970601CF8BD85
:107EF0000F70013B0131002BFADC0020824200DDD3
:107F000020002D18002A00DC0122541EE8E7F7B5F6
:107F10000E00D9175F18040001934F40551E092F1A
:107F200017D90A21380001F0F1FD019A0300002A57
:107F300000DA43422A0020003100FFF7E8FF050085
:107F4000241838000A2101F067FE3031681C2170C6
:107F5000FEBD019B002B00DA951E23006119CA1A91
:107F6000002A0CDCE843019AC017054064196B1C19
:107F7000002AE6DA2D221D0022700134E1E71E708E
:107F80000133ECE7F7B51E00089B1400013A1F0906
:107F900005001300002F11D033000097FFF7F2FF08
:107FA0002D180F23089F1F40FAB2092F12D8303224
:107FB0002A700130FEBD0170013B0130002BFADC5C
:107FC0000020844200DD10002D18201E00DC01205E
:107FD0000138E6E7002E01D03732E9E75732E7E70C
:107FE000F0B505000F001C0085B0002801D000236B
:107FF000037000261378002B00D16DE0B74204D83F
:108000000023013D2B70013E32E0252B04D00132CC
:108010002B7001360135EDE75178252902D1297001
:108020000232F6E7931C0393302902D02021531C1F
:108030000393039B1B782D3B5A425341039AD31859
:1080400000220393039B1B7818003038092812D9AB
:108050009019B84201D9BA1BD2B2692B1FD013D8DC
:10806000632B35D0642B1AD0582B2DD001267642A5
:10807000300005B0F0BD0A2042439A18039B303A05
:108080000133D2B20393DDE7752B11D0782B14D0D6
:10809000732BEBD1280008CCFFF7F5FE03E0280096
:1080A00008CCFFF734FF039A2D1801323618A1E7E8
:1080B000280008CCFFF7FFFEF5E708CC009300236B
:1080C0002800FFF75FFFEEE708CC00930123F7E7F6
:1080D00008CC01202B70E6E7B74200D890E72B7060
:1080E000C6E710B513000A006421FFF779FF10BD41
:1080F00000B59BB00A00010001A8FFF7F2FF63285A
:1081000000DDFEE701A800F0B1F81BB000BD0FB420
:1081100007B504A901C90191FFF7EAFF03B008BC44
:1081200004B0184770B506000E4303253400030061
:108130002C402E420FD1AA420DD90B5903510434C1
:10814000131B032BF9D80324131F9B0801339B0037
:10815000C9182240C3180024A24200D170BD0D5D91
:108160001D550134F8E770B5830704D003009A1851
:108170009A4217D170BD0300032AF8D90C040B06EC
:1081800023430B430C0223430400861808C4351B09
:10819000032DFBD80324131F9B0801339B00C31836
:1081A0002240E4E719700133E2E710B5814208D2BA
:1081B0000139431E002A00D110BD8C5C9C54013A49
:1081C000F8E78142F8D9002302E0CC5CC4540133C3
:1081D0009A42FAD1F0E7C9B203788B4200D17047D6
:1081E000002B01D00130F7E71800F8E7030000206A
:1081F0001A5C002A00D170470130F9E70023CA5CFD
:10820000C2540133002AFAD170470200002310B58E
:10821000D05CCC5CA04201D0001B02E001330028FE
:10822000F6D110BDFA21094B10B51868890001F08C
:10823000F7FCFFF7C1FC96200002FFF78FFD01203D
:10824000F8F708F8FFF7CEF810BDC046381C00104C
:1082500010B5FFF73BFAFFF77FFAFFF71FFBFEF7BA
:1082600085FEFFF76BFAFFF7DDFF10BD10B50400C8
:108270002078002800D110BD0134FFF7E7FDF7E7B3
:10828000802210210820064BD2051160186080233F
:108290005B011068084202D0013B002BF9D1704706
:1082A000180000408022164B120210B5DA676C22CB
:1082B000144B15481A60154B1968014019601A686B
:1082C00004211A60124B1A6802401A601A680020D2
:1082D0001A600122FFF74EFA012204210020FFF765
:1082E00095FA012205210020FFF744FA0122052119
:1082F0000020FFF78BFA0022064B1A6010BDC04623
:1083000004E100E018000040F8FCFFFF30400440AA
:108310003440044004800440F8B50023164A174C4A
:10832000202123601360164A13608022D205116059
:10833000144A2168012907D0934203D1FFF7A0FF17
:108340000020F8BD0133F4E79342F7D000250E4F2B
:108350003E68013E2368FF2B01D92068F1E73B68A6
:10836000B34204D03E68FFF759FC0A300500FFF71E
:1083700055FCA842EED1E1E7341E0010181E001093
:10838000381E0010FF0F00003C1E001005B5084607
:108390001A460ABDC20D4002400A0124E4052043EA
:1083A000FF2AD2B200D94042013AFE2A01D27E3AD7
:1083B00070470028204600D540427E3A9200803225
:1083C0007047C40FE40704D5002D00D001304042AF
:1083D00003D4013A001812D0FBD5813201D180308C
:1083E00005D2803003D2002D0FD04000013AFE2A82
:1083F00006DA013207DD400AD205104320437047F8
:10840000FF20C005FAE7002070470506EDD1400ABD
:108410008002EBE783B20C14634304148DB26C4307
:108420001B1984B26C432504240C1B190014091475
:108430004843C002D9060D43591140187047420005
:10844000120E01D0FF2A01D1C00DC0054A00120E44
:1084500001D0FF2A01D1C90DC9050122414009D42B
:10846000414000D55242884202DC00DB00225242E9
:10847000101E704701434918F8D00028F8DAF6E7D3
:1084800000B5002805DB00F011F8002800DA0648E6
:1084900000BD4000400800F023F8002801DB404206
:1084A00000BD0120C00700BDFFFFFF7F002110B508
:1084B000FFF770FF1300823310D40A44173A07DB2A
:1084C000072A19DDC117C9430120C007484010BD64
:1084D0005242202A00DB2022104110BD002010BD96
:1084E000002110B5FFF756FF0A440100EED4173AF9
:1084F000EEDBC143082AE9DC904010BD002230B514
:10850000002906D5CD0705434808013A10E00022AE
:1085100030B505000D4315D0CD170C16AC4205D172
:10852000C901440E2143C0010732F6E705000800E7
:1085300052423D3204E0002130B51D22521A00257E
:10854000FFF73FFF30BD002130B50028F5DA1E22CD
:10855000521AC5074008F3E70025A4460DE000299C
:1085600002DC05E0002A03DA891B7F42121901E0D0
:108570008919121B64466743C01B10CB640800D2E4
:10858000013506462E410F462F4164087047C0B59D
:10859000FFF7E2FFFFF7E6FFFCD386138F13D2103D
:1085A000564357436446674336133F13C01B89192C
:1085B000C0BDC0B5FFF7D0FFFFF7D1FFFCD3002946
:1085C00002DC8919121B01E0891B12197610641054
:1085D000F5D1EDE730B51821FFF769FF6E4C24099E
:1085E000001BFDDA0019FDD48200650065480021FA
:1085F000A24202DB521B4042FAE7D20066A30124EA
:10860000FFF7C5FF093100220023002500F00CF818
:10861000FFF7D7FEFFF7BAFE00F006F88FE700B5C8
:10862000FFF7D8FF084600BD01246407A04203DC21
:108630006442A04200DD70472000704770B5FFF72C
:10864000C9FF94E130B51821FFF731FF01144E4AFC
:108650004A43121581014D485043091A012521A3AF
:108660000120400710CB0C1B03D421000400EC4078
:10867000604101350F2DF5D1C30B4B43DB0B584146
:108680005DE730B5C11528D427D0FF2927D0FFF7E3
:1086900081FE01323D4B990B5143091453438C0722
:1086A0001B1B000201250FA40200EA40424102D236
:1086B000100022689B1A043401350F2DF4D180106C
:1086C0001818002904D1401049074018002236E745
:1086D000090680114841052231E72D4830BD2D485B
:1086E00030BDC046ED23F319E4FB470EDCC189071A
:1086F0001846E103B129F8014605FE00AA807F0073
:1087000015E03F0003F81F0000FE0F0080FF070088
:10871000E0FF0300F8FF0100FEFF000030B5FFF7A7
:1087200039FEFFF733FEFFF735FE40014901D4184B
:10873000641201340AD4D41A05DA644220411C2C94
:108740000CD3C0170AE021411C2C07D3002803DA00
:108750001148C917484013E0C81711E0002200284B
:1087600002DA404249420C4A0BA30124FFF721FFE1
:108770001046094A841802D2841A00D4A01A01387B
:108780000022DCE6B49D6E1315170000FE855C2CFC
:10879000000080FF0000807F51ED87640CCE583BC5
:1087A000F8755B1F4CDDEA0FEC56FD07B8AAFF0316
:1087B00054F5FF01ACFEFF00D4FF7F00FCFF3F003B
:1087C000FCFF1F000000100002000800114A514089
:1087D00070B5C4174200120E55D0FF2A56D0CD17DF
:1087E0004B001B0E55D0FF2B56D00B4E3040314066
:1087F00001363043314360406940001B491B9D1ADC
:10880000D41A11D41E2C0CDA203513000A00AA4009
:1088100021410FE000000080FFFF7F0000220800E0
:108820000AE01300002207E01E2DF7DA20340200D0
:10883000A2402841401819D0C10F03D0C043524272
:1088400000D10130B619B04204D292184041013B28
:10885000B042FAD3400802D30130002A09D0FE2BDF
:108860000AD2C9070844DB05184470BD002AFCD0B1
:10887000E2E740084000F2E701DAC80770BD0802ED
:10888000FF30C00570BD203A1219A8E71202224439
:10889000A5E7203B5B19A8E71B022B44A5E7C046D0
:1088A00080B502464A40D20FD207964640004900A2
:1088B000020E3DD0FF2A3CD00B0E3CD0FF2B3BD00C
:1088C000D718803F00020902400A490A421894461C
:1088D000C209CB095A434843920C02D3002800D462
:1088E00001324302C00D520280186044C10D0ED106
:1088F000FE2F2BD25B0001D305D001300137FF05DD
:108900003844704480BD013040084000F6E701372C
:10891000FE2F13D2400802D30130002B05D0FF19DF
:108920000137BF053844704480BD40084000F6E779
:10893000103A1202C0E7103B1B02C1E712DA0137FE
:108940000ED10230C00D03280AD105E00ADA013742
:1089500006D10130C00D03D00120C005704480BD98
:10896000704680BDFF20C005704480BD70B50124F5
:10897000E4054A02520A2243930C25A5EB5C5501FB
:108980005D43AD13EE127643AD1B5D431E026D13C6
:1089900001356D10751BC60DF3B24002400A20432D
:1089A000C90D4E40360AF607C9B2002930D0FF295A
:1089B0002CD0002B39D0FF2B2AD05B1A7D33010A33
:1089C0006943090CC00314004C43041BA4126C43FC
:1089D0002414490309190C0F08D105310C090FD3D0
:1089E000C90880025143401A0AD408E00133093112
:1089F0004C0905D3090940025143401A00D40134FF
:108A0000FE2B09D2D9056018801970BDFF2B0CD13F
:108A1000FF20C005304370BDFADA591C05D1610E44
:108A200003D30120C005304370BD300070BDC04687
:108A3000FCF5EDE7E0DAD5CFCAC5C1BCB8B4B0AC3F
:108A4000A9A5A29F9C999694918E8C8A87858381F3
:108A500010B441003AD20902490A0122D20589180C
:108A6000C20D3AD0FF2A36D07D32521000D34900D1
:108A70001AA44B0DE45CC8096043604300136043D3
:108A800040132402241AAA3420004043C00B0B0ACE
:108A90005843001360434015241A6343DB0B18004E
:108AA00040434902081A40114443DB01E0131030EF
:108AB0008011034406D31C46644164430904091B26
:108AC00000D40133D205D01810BC7047090E04D071
:108AD000C017C005F8E7C00DFBE7C00FC007F3E7FC
:108AE000F1DAC9BBB0A69E97918B8682F0B50124BE
:108AF000E407634001E0C046F0B50C0DCF0F661EE1
:108B00003605891B640503D3C943404200D30131B4
:108B1000640D03D0661CF60A07D0E41B00207F001A
:108B2000791C89078912803C24031D0DDF0F6E1EFE
:108B300036059B1B6D0503D3DB43524200D3013343
:108B40006D0D03D06E1CF60A07D0ED1B00227F00CE
:108B50007B1C9B079B12803D2D032F1B661B58D44B
:108B6000A446202E46DA20371400BC401D00BD402C
:108B7000F24033412A4380185941CB0F05D0C943F5
:108B8000C043002264425041514162464D0D28D1FC
:108B90000D0D07D100281FD0241940414941013A49
:108BA0000D0DF9D0640006D3013000D30131002C43
:108BB00001D140084000013A0BD4941CE40A04D1CE
:108BC00012051144DB071944F0BDD907204B1943A6
:108BD00000E0D9070020F0BD0029DDD1002CDBD159
:108BE000F0BD0132C6074008CD0728434908002ED2
:108BF000E1D0D9E73C2E29DA203E40371400BC40B2
:108C000000D00124F24014431A00BB401C43D31788
:108C1000ACE7AC46202F08DA20360400B4400D0043
:108C2000B540F84039412843A5E73C2F0CDA203FF6
:108C300040360400B44000D00124F840044308004A
:108C4000B1400C43C117EAE710001900002494E773
:108C50000000F07FF0B50C0D661E3605891BE60A94
:108C60006405640D02D0651CED0A04D000200121CA
:108C70000905803C2403A4461C0D671E3F05DB1B31
:108C8000E70A6405640D02D0651CED0A04D00022D9
:108C900001231B05803C24037740644497B484B2CD
:108CA00096B27443070C7E43150C6F4380B2684341
:108CB000361802D3012000043F183004350C001987
:108CC0007D41844688B29AB250430C0C62431F0C1B
:108CD0007C438EB27E43921902D301263604A41936
:108CE0001604170C3618674101BC81B29AB2514381
:108CF000040C62431B0C5C4380B25843121802D32D
:108D00000120000424181004130C401863412D188E
:108D10005E410020474106BC88B293B258430C0C18
:108D20006343120C544389B251435B1802D30121AF
:108D30000904641819041A0C091862416D18564187
:108D40000020474118BCF902720D1143F0026A0D70
:108D50001043ED020A0D03D16D1940414941013B19
:108D6000124E9B1B7600B3420ED26D0007D301302A
:108D7000002671416646354301D1400840001B057D
:108D8000C918E4072144F0BD0BDA013306D10130E4
:108D900004D101314F0D01D04908F2E7E10700206D
:108DA000F0BD013631050020EBE70000FF030000B5
:108DB000F0B51C0D671E3F05DB1BE70A6405640D5B
:108DC00002D0661CF60A04D0002201231B05803C59
:108DD0002403CE0FF619B44649004F0D02D07E1C75
:108DE000F60A03D000200021403F3F033E1BB6009F
:108DF000B444013F7F05C91B4908DC0BA94D2C5D1C
:108E00001D026543AD13EE127643AD1B6543E601CB
:108E1000AD1301356D10761B9C02950D25437543EE
:108E2000ED137543AD1301356D10F603761B0CB4CD
:108E3000CC02450D2C43A2B2B3B25A43270C7B435C
:108E4000350C6F43A4B26C431B1902D301242404D4
:108E50003F191C041D0CA4187D4124196D41009A72
:108E600091B2ACB26143170C7C432B0C5F4392B2BE
:108E70005A43A41802D301221204BF182204230C5F
:108E800052187B41019C6C431B19520ED9010A43B5
:108E90004401A01A81B2B2B2514303145A43360CB2
:108EA000734387B27743D617D21900277E41360421
:108EB0009B191704160C7F185E417316ED18F30109
:108EC000002680337541A90F06D16400690AE805C0
:108ED0005B0A184309D22FE0042294448033754181
:108EE000A90AA8059B0A184326D3404149412404F6
:108EF000009A019B0D005543641B4343E41A95B24D
:108F000086B27543170C7E43030C5F4392B25A43FB
:108F1000B61802D301221204BF183204330C5219BE
:108F20007B4152429C41002C02D40022013051412D
:108F30004008CA071043490802B06246D70792109A
:108F4000594BD218594B9A4203D212058918C919A4
:108F5000F0BD0020002A01DC3900F0BD0133190505
:108F6000F5E707DA002107E0C90FC907520D03D062
:108F7000C91201E04E490905002070474A00F3D2AA
:108F8000520D013A494B9A42EBD2F0B51405091B38
:108F9000520801D3001849419B08D2181205944683
:108FA00042A44A0CA25C0B09534353431B13534383
:108FB0005B131202D21A13005B435B0B4C08634332
:108FC000DB135343DB1501335B10D21A130CD21A97
:108FD00013005B438902840D21438DB29EB2754319
:108FE0000F0C7E431B0C5F438CB25C43361902D3DB
:108FF000012424043F193404330C64197B419D017E
:10900000A40E2C432034A5B25543241454432D0CF4
:109010006419A411D203121B95B28EB27543170CBA
:109020007E430C0C674393B26343F61802D30123CB
:109030001B04FF183304340C5B197C41DB186441BA
:10904000DB18002363419EB276439DB21F0C7D4323
:109050007F436C04ED0BA4197D4106028F08361B7B
:10906000AF417D07F6086E41B4B295B26C43371438
:109070007D43120C5743B6B25643EA17AD1900268A
:1090800072411204BF182E042A0C36197A41083294
:1090900052111BD29D0A9C05D117101969416144D8
:1090A000F0BD0000108A0000FD030000FE07000074
:1090B000FF070000F8EBDFD6CDC5BEB8B2ADA8A45F
:1090C000A09C9995928F8D8A8885838152415D0AF3
:1090D000DC05D11714194D412B006343A6B276432A
:1090E000A2B2270C7A437F435104D20B89197A41EB
:1090F000D218D21880054942904102D4002301348D
:109100005D4160086908ED0728436144F0BDD0B5B2
:10911000CD4F4C00640D01D0BC4202D10020090D9E
:1091200009055C00640D01D0BC4202D100221B0D78
:109130001B0501264B400CD44B4000D5764299428A
:1091400003D1904203D801D3002600DC7642301EC2
:10915000D0BD0B43DB1803431343F5D00029F6DAE7
:10916000F4E744464D4656465F46F0B47047F0BCBF
:10917000A046A946B246BB467047624618CA944606
:109180005A46002A20DB04E0624618CA94460029A9
:109190001ADAC01861415B463B415C46B440524616
:1091A000FA40224344464D4662416B4190469946FF
:1091B0002B46B3403D41FC401C4352465B46A24116
:1091C000AB4192469B467047C01AA1414B463B417A
:1091D0004C46B4404246FA40224354465D46624102
:1091E0006B4192469B462B46B3403D41FC401C439D
:1091F00042464B46A241AB419046994670470020FB
:109200000021704700290CDA00B54900490800F038
:109210000FF80121C907884201D8404200BD084625
:1092200000BD002200B5203200F04FF8080000BD5C
:10923000002200B5203200F055F8080000BD0028DB
:1092400010DA00B54000400800F011F80122D20702
:10925000914204D2C943404200D3013100BD0020F5
:10926000114600BD002100B500F004F830E00021F7
:10927000C315C4D410B58C46C3174000020E0AD0E3
:10928000FF2A0CD0511E7F3A0906401A5840C01AD6
:109290000111000731E000200100030010BDD84398
:1092A000D94310BD00290FDA00B54900490800F084
:1092B00018F8002904DBC943404200D3013100BD46
:1092C00000200121C90700BD002200B500F00CF804
:1092D000CA179A4200D100BDD8430121C9074140B5
:1092E00000BD00220B158AD410B5944600F0B8F8E2
:1092F0001414013400DA0021CB176244343A0CD440
:109300000C2A07DA04009140904052422032D440A7
:10931000214310BDD843D94310BD203207D40C4699
:109320009440524220321141D040204310BD0800E9
:10933000C917203203D452422032104110BD180008
:10934000190010BDC30FDB0741000A0E07D0FF2A2A
:1093500008D009093D4A8918194340077047190088
:10936000002070473A49C918FAE74A00520D394BB4
:10937000D21A13DDFF2A1EDAD205CB0FDB071A4300
:10938000C300400F0903490A084310435B0001D39F
:1093900001D0013070474308FBD2704702D0C80F9C
:1093A000C00770470A0312130132F8D1420F072A8F
:1093B000F5D1012200E0FF22C80F00028018C0058D
:1093C000704700210A00002104E000210A00C117B3
:1093D00003E00022002305E00022CB17584059404B
:1093E000C01A994130B51C4CA21A002903D10100C2
:1093F00010D00020203A4C1512D104D2013A0018A6
:1094000049414C0DFAD3154CA24204D212058918D9
:10941000DB07C91830BDD243520D00200021F5E70B
:1094200003D4013A00184941FBD50B324405C00A68
:109430004D052843C90A640003D0002460416141FE
:10944000E1E7E0D34408F8E7FF0700000000003838
:109450000000F07F8003000032040000FE070000DF
:109460000A0DCC0F531E1B05C91A520503D3C9435D
:10947000404200D30131520D03D0531CDB0A07D008
:10948000121B00206400611C89078912803A1203B4
:10949000624BD21A7047023225D40C2A1CDA1125ED
:1094A000AD1A0B002B41083207350600EE40904004
:1094B00091403143F0CC63431A1500235A41554380
:1094C00056435743BF02F412760576196741ED17EC
:1094D0007F19801BB94170470C220020C917490031
:1094E00001310905DBE70902030E1943000253426B
:1094F000203208D40C0019419440D8402043002267
:109500005041514170470800C917203B2032F1D526
:109510000020002100227047F0B5FFF722FE00F086
:109520001DF8844600F03EF803B4604600F058F899
:109530000CBCFFF71CFE3CE4F0B5FFF712FE00F098
:109540000DF800F02FF806E0F0B5FFF70AFE00F086
:1095500005F800F045F8FFF70AFEF0BD00B5FFF78B
:109560007FFF31A4FFF797FF00242D4D2D4ED2072A
:1095700002D3F6436D426641520004D2A246A3468E
:10958000A846B14603E0A046A146AA46B3466FA44A
:10959000A44601271F26FFF7F7FD0137013E212FC3
:1095A000F9D100BD594684B28DB26C43061475439F
:1095B0000B145E4382B25A43AD18EA1700D7D24368
:1095C0001204B6182A042B0C12197341404649465E
:1095D0009D009B17920F2A43904199413E22FCE641
:1095E000494684B28DB26C43061475430B145E4336
:1095F00082B25A43AD18EA1700D7D2431204B61804
:109600002A042B0C12197341504659469D009B1792
:10961000920F2A43504159413E22DEE6FF030000EB
:10962000BB4DF09DC556F6367D5100001A61140001
:1096300085880A00FB211900F0B5FFF792FD404D27
:109640000C002C4001D0AC4202D1090D09050020CC
:109650001C002C4001D0AC4202D11B0D1B05002286
:109660000026ED02002B04D502266B40694000D491
:1096700076424F1904D599420CDD0136694003E06A
:10968000BB4207DA013E6B40070010003A000F00B2
:1096900019003B0040B4002A0FD1002B0AD05C0017
:1096A0006415013409D14C006415013402D101392B
:1096B000013B02E0002000212EE0FFF779FB3E2273
:1096C000FFF703FE82468B460020002180460122E0
:1096D000920791461DA4A44601271F26FFF74DFDC2
:1096E0000137013E212FF9D14A4653460C3A012455
:1096F0006407002752081B0005D4934100197941E3
:109700006408F7D104E05341001BB9416408F1D16A
:10971000CE0749104008304340BC002E0AD0094C07
:10972000094D01D5E443ED43F60701D10019694124
:10973000001969413D22FFF750FEFFF718FDF0BD0B
:109740000000F07F8D305A88A8F64332694FBB6124
:109750000567AC1DB16E4096FCBAAD0F72DB0BAB6A
:10976000A66EF50739BD9FE576ABFE034B6297BA4F
:109770005BD5FF01D694DBDDAAFAFF005DEAEE5669
:1097800055FF7F006E77B7AAEAFF3F00BCBB555577
:10979000FDFF1F00DEADAAAAFFFF0F006F5555F5B4
:1097A000FFFF0700ABAAAAFEFFFF03005555D5FF38
:1097B000FFFF0100ABAAFAFFFFFF00005555FFFFB6
:1097C000FF7F0000ABEAFFFFFF3F000055FDFFFFFA
:1097D000FF1F0000ABFFFFFFFF0F0000F5FFFFFFC3
:1097E000FF070000FFFFFFFFFF0300000000000075
:1097F0000002000000000000000100000000000066
:109800008000000000000000400000000000000098
:109810002000000000000000100000000000000018
:10982000080000000000000004000000000000002C
:1098300002000000000000000100000000000080A5
:10984000000000000000004000000000F0B5FFF73D
:1098500007FE54A4FFF71FFE002904DA204C214D17
:1098600000196941013A04B4012752A600220123DC
:109870009B0730CEB446001BA9410BD47E42203654
:109880001D003D411C00B4401600FE4034436241BF
:109890006B4101E00019694166460137212FE8D18B
:1098A00085B29EB2754307147E43190C4F4384B2B0
:1098B0004C43F11736190024614109047F18340420
:1098C000310C64197941A40F88002043891780184E
:1098D000594104BC52423E32FFF77FFDF0BD00000B
:1098E0006BDE73F4FD855C2CF0B54F0050D27F1514
:1098F0004ED001374FD0FFF7B3FD04B44902C20D7B
:109900001143400201272BA6B446002200237E42C9
:1099100020360D003D410C00B4400600FE403443AB
:1099200044414D41AE0F05D120002900664630CE9E
:10993000121BAB410824A4440137212FE7D1890031
:10994000891012184B4180BC17A413CC01377843FF
:1099500079437C434F05C912CD17C0196941A7024D
:10996000A415CD17C9196C41DD17801859416C41F8
:109970003E22CD17AC4208D000090E07304309093A
:10998000260731432411043AF3E7FFF726FDF0BD23
:1099900002490020F0BD02490020F0BD0000F0FFA8
:1099A0000000F07FAAB800006BDE1300A3EF0F00E9
:1099B00021170B00F34B98BFEC23F319D6104DCDB4
:1099C000E3FB470E7AB9BC8ADBC18907CC542C0271
:1099D0001846E103053083E7B029F8011E1FE08730
:1099E0004505FE00249E41ACA9807F008117624599
:1099F00015E03F00E610ABA902F81F008858455556
:109A000000FE0F00C4AAA90A80FF070056455501B1
:109A1000E0FF0300ABA92A00F8FF0100455505004F
:109A2000FEFF0000AAAA0080FF7F0000551500E09D
:109A3000FF3F0000AB0200F8FF1F0000550000FED2
:109A4000FF0F00000B0080FFFF0700000100E0FF98
:109A5000FF0300000000F8FFFF0100000000FEFF10
:109A6000FF0000000080FFFF7F00000000E0FFFF1C
:109A70003F00000000F8FFFF1F00000000FEFFFF96
:109A80000F00000080FFFFFF07000000E0FFFFFF66
:109A900003000000F8FFFFFF01000000FEFFFFFFD2
:109AA00000000000000000800000000000000040F6
:109AB00000000000FEE7FEE710B50A4A0A4B0B491A
:109AC0008B4207D300210A4B0A4A934207D3FBF784
:109AD00027F9FEE71078013218700133F0E71970AA
:109AE0000133F2E704DB0000000000104401001025
:109AF00048010010401E001002B471464908490098
:109B0000095C49008E4402BC7047C04600224308ED
:109B10008B4274D303098B425FD3030A8B4244D335
:109B2000030B8B4228D3030C8B420DD3FF22090277
:109B300012BA030C8B4202D31212090265D0030B36
:109B40008B4219D300E0090AC30B8B4201D3CB032C
:109B5000C01A5241830B8B4201D38B03C01A52416E
:109B6000430B8B4201D34B03C01A5241030B8B4270
:109B700001D30B03C01A5241C30A8B4201D3CB025B
:109B8000C01A5241830A8B4201D38B02C01A524140
:109B9000430A8B4201D34B02C01A5241030A8B4243
:109BA00001D30B02C01A5241CDD2C3098B4201D35B
:109BB000CB01C01A524183098B4201D38B01C01AD9
:109BC000524143098B4201D34B01C01A5241030950
:109BD0008B4201D30B01C01A5241C3088B4201D3FF
:109BE000CB00C01A524183088B4201D38B00C01AAC
:109BF000524143088B4201D34B00C01A5241411AD3
:109C000000D20146524110467047FFE701B50020DF
:109C100000F0F0F802BDC0460029F7D076E77047A3
:109C200003460B437FD4002243088B4274D30309BD
:109C30008B425FD3030A8B4244D3030B8B4228D35E
:109C4000030C8B420DD3FF22090212BA030C8B4284
:109C500002D31212090265D0030B8B4219D300E024
:109C6000090AC30B8B4201D3CB03C01A5241830BA9
:109C70008B4201D38B03C01A5241430B8B4201D359
:109C80004B03C01A5241030B8B4201D30B03C01A82
:109C90005241C30A8B4201D3CB02C01A5241830AFC
:109CA0008B4201D38B02C01A5241430A8B4201D32B
:109CB0004B02C01A5241030A8B4201D30B02C01A55
:109CC0005241CDD2C3098B4201D3CB01C01A5241BC
:109CD00083098B4201D38B01C01A524143098B4245
:109CE00001D34B01C01A524103098B4201D30B012E
:109CF000C01A5241C3088B4201D3CB00C01A524153
:109D000083088B4201D38B00C01A524143088B4217
:109D100001D34B00C01A5241411A00D201465241B0
:109D2000104670475DE0CA0F00D04942031000D3CF
:109D30004042534000229C4603098B422DD3030A24
:109D40008B4212D3FC22890112BA030A8B420CD334
:109D5000890192118B4208D3890192118B4204D35D
:109D600089013AD0921100E08909C3098B4201D3DD
:109D7000CB01C01A524183098B4201D38B01C01A17
:109D8000524143098B4201D34B01C01A524103098E
:109D90008B4201D30B01C01A5241C3088B4201D33D
:109DA000CB00C01A524183088B4201D38B00C01AEA
:109DB0005241D9D243088B4201D34B00C01A5241C1
:109DC000411A00D20146634652415B10104601D34E
:109DD0004042002B00D54942704763465B1000D3D8
:109DE000404201B5002000F005F802BD0029F8D07E
:109DF00016E770477047C0468446100062468C469E
:109E00001900634600E0C0461FB500F0A5F9002820
:109E100001D40021C8421FBD10B500F0F5F8404242
:109E2000013010BD10B500F097F9002801DB0020CB
:109E300010BD012010BDC04610B500F08DF90028FE
:109E400001DD002010BD012010BDC04610B500F09E
:109E50001DF9002801DC002010BD012010BDC04606
:109E600010B500F013F9002801DA002010BD012020
:109E700010BDC046002B15D1002A13D1002906DBE6
:109E800001DC002806D00020C043410802E0802108
:109E90000906002007B4024801A14018029003BD42
:109EA00055FFFFFF03B4684601B5029800F08EF835
:109EB000019B9E4602B00CBC7047C046F0B5CE4632
:109EC000474680B5070099463B0C9C4613041B0C83
:109ED0001D000E0061460004140C000C45434B436A
:109EE00060436143C0182C0C20188C46834203D970
:109EF00080235B029846C444494679437243030C6D
:109F000063442D042D0CC918000440198918C0BCE5
:109F1000B946B046F0BDC04670B500220C4B0400F7
:109F20000D00FFF79DFF002804D12000290000F05C
:109F300075FF70BD064B00222000290000F0DCFBFD
:109F400000F06CFF80231B069C466044F1E7C0468E
:109F50000000E04170B505000C000022002328003D
:109F60002100FFF75FFF002808D12800210000F042
:109F70000FF802000B001000190070BD80231B06B3
:109F8000E118280000F004F8002342428B41F2E778
:109F900070B500220B4B0D00040000F041F9FFF7F3
:109FA000BBFF060000F0A0FF0022074B00F038F9CD
:109FB00002000B002000290000F09EFBFFF7ACFF21
:109FC000310070BD0000F03D0000F041F8B5CE4614
:109FD000474680B59146984604000D0000F0C8FF42
:109FE00007000E0002000B0048464146FFF766FFDF
:109FF000241A8D41089B380031001C605D60C0BC94
:10A00000B946B046F8BDC046F0B54E464546DE46B8
:10A0100057469046E0B517001A03120B0500844618
:10A0200019480E034C0091465A00DB0F9B46360B35
:10A03000640DC90F520D844219D0824210D0012004
:10A0400094420ED14E450CD10120C44509D1594549
:10A0500017D0002C05D130002843431E984100E062
:10A060000120F0BCBB46B246A946A046F0BD330075
:10A0700001202B43F5D1A242F3D14B463B43F0D113
:10A08000E2E70020EDE7C046FF070000F0B54746D5
:10A09000CE460400180016001B031B0B2D4D4A0072
:10A0A000994680B543000F03A446B0463F0B520DBE
:10A0B000C90F5B0DC00FAA4221D0AB4213D0002ABA
:10A0C00022D13C43002B02D14D462E4322D0002CFE
:10A0D00010D0814222D00220013908400138C0BC92
:10A0E000B946B046F0BD4D462E4329D1002AF0D1E5
:10A0F0003C43EED10028F2D101204042EFE73D0081
:10A1000025431DD19342EED0002BE2D14C4626438D
:10A11000DFD1E0E70020002CE1D0DCE79A420ADC46
:10A12000E8DB4F45D7D80ED000204F45D7D20029C5
:10A13000E2D00800D3E74342584140000138CEE75F
:10A1400002204042CBE7C445C5D80020C445C6D252
:10A15000EDE7C046FF070000F0B54746CE460400D5
:10A16000180016001B031B0B2C4D4A00994680B5A6
:10A1700043000F03A446B0463F0B520DC90F5B0DC1
:10A18000C00FAA420DD0AB4210D0002A27D13C43C9
:10A19000002B11D14D462E430ED10020002C15D09E
:10A1A0000EE03D00254310D1934218D14D462E4379
:10A1B0000BD1002A02D13C43002C0BD0814214D099
:10A1C000022001390840013800E00220C0BCB94635
:10A1D000B046F0BD0028F9D101204042F6E7002B3F
:10A1E000ECD14C462643E9D1EAE79A4204DD4342EA
:10A1F000584140000138E9E79A42EBDB4F45DFD890
:10A2000006D000204F45E1D20029E5D00800DDE767
:10A21000C445D5D80020C445D8D2F5E7FF070000D3
:10A22000F0B557464E464546DE46E0B598460C0327
:10A230004B000600924687B0240B5B0DCF0F002B1E
:10A2400000D15CE1D94A934200D175E1420FE400AC
:10A250001443802212041443D54AC5009446634433
:10A260000093002399469B46434642461E03D20F65
:10A270005B0050469046360B5B0D00D120E1CB4A87
:10A28000934200D162E1CA49420F8C46009963446F
:10A29000F6008C46164380229C4412046346164303
:10A2A000C200002000930099434601318C46494684
:10A2B0007B4001930F2926D8BE4B890059588F4601
:10A2C000434601933400150083465B46022B16D0AB
:10A2D000032B00D103E2012B00D0CDE000220024AB
:10A2E0000025019B12052243DB071A4328001100B9
:10A2F00007B0F0BCBB46B246A946A046F0BD00245C
:10A300000025AA4AEDE7280C2D042D0C2B00110C7A
:10A310001204120C5343984613002F0043439946EE
:10A320004F434F44BB4647460B003F0CBA4643439E
:10A33000DA440293D14504D980277F02B9464B44C1
:10A34000029353461B0C9B4653461F0443461B0473
:10A350001B0C98463B0043440493330C3604360CE4
:10A360009846330043439946434643432F009A4659
:10A37000434677435D43380C4D444519A94503D9FD
:10A3800080235B029946CA443F04280C3F0C2D04ED
:10A39000ED19270C2404240C0300200050437A43B9
:10A3A00091463A0053440593030C9A464A4361434D
:10A3B00049445144AB44894503D980235B02994603
:10A3C0004A4400040B0C000C0904091820009946AB
:10A3D000434670435C437E435F43030C9846A41995
:10A3E00044444A440397A64204D980235B0298461A
:10A3F000474403972304029E9A46059B5E44984671
:10A40000AE42AD4176188E4289410004000C5044A2
:10A4100040446D424719B846934649428946C34471
:10A42000D94498428041A845AD4193459241894520
:10A4300089416D4240422843240C524249420A431A
:10A44000039B00198018C7184B46DC0D049B75024E
:10A450001D436A1E95414B46F60D7F0235435A0255
:10A460003C431543FB0100D41CE101216A080D4067
:10A470001543E207154364084F496144002900DC95
:10A48000B0E06B0709D00F222A40042A05D02A1D0C
:10A49000AA42AD416D4264191500E30104D5802143
:10A4A000464AC90014406144454A914200DD26E70E
:10A4B0006207ED08640249051543240B4A0D10E7B5
:10A4C0005246324300D17FE0002E00D1DCE0300064
:10A4D00000F030FD02000B3A1D2301009B1A52468A
:10A4E0000839DA408E40164352468A40009B35496F
:10A4F000181A03008C46634400200093D3E625001D
:10A5000005434AD0002C00D1B0E0200000F012FD3D
:10A51000010002000B391D2310005B1A31003500C9
:10A5200008388440D94085400C432648831A00935C
:10A53000002399469B4697E60500254326D108222D
:10A5400000930223002491469B468DE65246009BD1
:10A55000324310D1154900268C4663444946009386
:10A5600002231943894602209DE65B460197022B90
:10A5700000D0ADE6C3E60D4A0320944663444A4644
:10A58000009303231A43914652468CE60C22009313
:10A590000323050091469B4666E604239946002363
:10A5A0000093013300249B465EE6C046FF0700008F
:10A5B00001FCFFFFBCDA0000FF030000FFFFFFFE0D
:10A5C000FE0700000DFCFFFF4946012319438946A1
:10A5D0000026012067E6002380240025434A0193DA
:10A5E00024037EE60120401A382800DD76E61F2885
:10A5F0005BDD1F2223005242511ACB401900202854
:10A6000003D03B4A6244944025436A1E95412A0088
:10A610000A4307210D000024154011425BD00F2191
:10A6200000241140042953D0111D914292415242FD
:10A63000A4180A0023024BD501220024002550E66D
:10A6400080231B031C4209D01E4207D133431C0345
:10A6500043461500240B254A019342E6802212034B
:10A6600014432403214A240B01973AE600F062FCCC
:10A6700001000200153120321C2900DC4BE73400B8
:10A6800008380025844050E700F054FC03001A000D
:10A69000153220301C2A00DC1EE75646083B0022FB
:10A6A0009E4023E7009B9C46E6E612492200614457
:10A6B0002E008D408A40C640691E8D4132432A4398
:10A6C000C4405307B6D00F2111400429ACD1B1E7E3
:10A6D00065076402240BD2081543002201E680229C
:10A6E000120314432403014A240BFAE5FF07000078
:10A6F0003E0400001E040000F8B557464E4645468D
:10A70000DE46E0B51E0017004A000B03520D5B0A3F
:10A710009046420F1A43CD0FCD4C3103C3009446EF
:10A7200070007A0F490AFF009A46B946400DF60FAD
:10A730001143A04200D1B1E001225640B346B542D8
:10A7400000D188E04246121A002A00DCAEE0002860
:10A7500000D1C1E0BE48804500D151E18020000415
:10A760000143382A00DD7BE11F2A00DDEEE12020D5
:10A770003E00801A0C00D640D1408740624684409B
:10A78000521A781E8741944634432743DC1BA34268
:10A790009B4162465B42D31A99464B461B0200D44A
:10A7A00018E14B465802430A99464B46002B00D10C
:10A7B00037E1484600F0BEFB0100083920232200A3
:10A7C00048465B1ADA4088408C404346104388452F
:10A7D00000DD36E1C91A4B1C1F2B00DDEAE0202208
:10A7E0002600D21A01009440DE40D8400023914058
:10A7F000621E94418146984631430C43630709D059
:10A800000F232340042B05D0231DA342A4416442FF
:10A81000A1441C004B461B0200D4DEE041468C4B99
:10A820000131994200D1E7E04B468A48E4080340F1
:10A83000180049055B07400223434A0D040B12052B
:10A84000ED0722432A4318001100F0BCBB46B24674
:10A85000A946A046F8BD4246121A002A52DD002839
:10A8600000D19CE0A04500D1CAE080200004014353
:10A87000382A00DD49E11F2A00DC97E110000E00B4
:10A880002038C640202A04D04020821A91400F432D
:10A89000B9464C46621E944134433AE10A003A43B9
:10A8A00028D0B346B5422BD06B4A4244002A5DD033
:10A8B00042464446821A002C00D0F5E065461D430E
:10A8C00000D19CE1551E012A00D1FBE1604CA2425F
:10A8D00000D1BDE12A00F0E00800384300D1C3E018
:10A8E000501E012A00D1A8E1594CA24200D187E0B4
:10A8F000020036E701225640B346B54200D021E7B8
:10A90000554A4244002A00D1B5E042464446821AE4
:10A91000002C00D138E14E4EB04200D1DEE180265D
:10A92000644636043443A446382A00DD96E11F2AE3
:10A9300000DD24E22026B41AA24664465646B440FE
:10A94000A1461C004E46D440264334005646B34030
:10A950005E1EB3411C436346D340C918E419BC4290
:10A96000BF417F42B94680468944D8E040463B4CCF
:10A970000130204200D0B4E04046002800D044E13D
:10A980006046184300D190E10800384300D0AAE1A6
:10A990006146DB0849070B436146CC0827E0080005
:10A9A000384361D0501E012A00D139E1A24227D09C
:10A9B00002005DE702001F39CA401100202B03D0BE
:10A9C0004022D31A98400443631E9C4100239946B9
:10A9D00098460C43630700D012E74B464A46E4080A
:10A9E0005B072343D408424619498A420ED0240308
:10A9F0005205240B520D22E70A00002400231EE713
:10AA0000DB086246520713436246D4081A00224309
:10AA100000D1FCE180221203144324030C4A240BCE
:10AA20000DE7200000F086FA010018311F2900DC34
:10AA3000C4E608388440434620000024884500DCF2
:10AA4000C8E6044A5B1A104098468146D6E6C046DE
:10AA5000FF070000FFFF7FFF01F8FFFFFE07000078
:10AA60000F437A1E974191E66146DB0849070B4385
:10AA70006146CC08B8E74046D34C0130204200D0B4
:10AA8000A2E04046002800D001E16046184300D112
:10AA90005EE10800384300D05FE16146DB0849070A
:10AAA0000B436146CC08A2E7C84DA84200D1CFE0D5
:10AAB000802564462D042C43A446382A56DC1F2AE0
:10AAC00000DDD1E020251E00AD1A6446AB40AC404D
:10AAD000D6405D1EAB41344323436446D440091B3A
:10AAE00049E06046DC1B461AA34280414042814651
:10AAF00030004E46801B8146000276D44B462343ED
:10AB000000D052E60024002571E739430C00621E94
:10AB10009441E4189C429B415B42634499464B46F6
:10AB20001B0200D456E701239C46A84BE0449845FD
:10AB300038D04B46A6480122034018006308144051
:10AB40001C43C3071C434308994657E610000E00F8
:10AB50002038C640202A04D04020821A91400F435A
:10AB6000B9464F467A1E974137430FE662461A436D
:10AB700013005A1E9341FC1AA742BF417F42CB1BD0
:10AB800099465D46804608E666461E4300D1BEE013
:10AB9000561E012A00D109E18C4CA24200D119E1D4
:10ABA0003200C1E642460024002348E620200C0083
:10ABB000801A3E0087408440D640781E8741D140AD
:10ABC00034433C438C44A4E7804A904200D1E9E0FE
:10ABD000DF199F429B4161445B42C918CC077F0843
:10ABE0004B08994680463C43F4E6FC1AA742BF4115
:10ABF00063467F42C91ACB1B99465D46D5E5FF08DF
:10AC00004B075D463B43CC08EEE662461A4300D054
:10AC100082E00B003B431BD1802400252403F9E68E
:10AC2000DC199C429B41614489465B4299444B46F6
:10AC30001B0244D401239846CCE6DC1B6246A342A7
:10AC40009B41511A5B42CB1A994601239846A4E5D1
:10AC5000FF084B075D463B43CC08D7E662461A43E4
:10AC60001400631E9C4179E615006446203DEC40CB
:10AC7000A046202A05D040256446AA1A94402343C2
:10AC80009A465446631E9C414346234373E76246FB
:10AC90001A4323D00A003A4300D0A0E06246DB0802
:10ACA000520713436246D408B0E60B003B4300D181
:10ACB00028E7FF084B075D463B43CC0897E6022395
:10ACC000984636E7FC1AA742BF4163467F42C91A3D
:10ACD000CB1B994601235D4698465EE54B07FF086E
:10ACE0003B43CC0892E6DC1B6046A342B641401AC7
:10ACF0007642801B8146000260D5FC1AA742BF4104
:10AD000063467F42C91ACB1B99465D4676E5FF082C
:10AD10004B073B43CC0867E60A00DB083A4300D107
:10AD20006FE66246520713436246D408802212033C
:10AD3000144207D0C808104204D15D460400FB0845
:10AD400049070B435A0FDB00DB08520713435DE64C
:10AD50004B07FF083B43CC0849E6DC199C429B416A
:10AD6000614489465B4299444B461B0200D431E65C
:10AD70004A46174B1A400123914698462AE6160088
:10AD80006446203EF440A046202A05D04026644672
:10AD9000B21A944023439A465446631E9C4143464C
:10ADA0001C43DBE502000024002348E5DC19BC421B
:10ADB000BF41614489467F42B94438E74B4623434B
:10ADC00000D19FE606E6C046FE070000FF07000030
:10ADD000FFFF7FFFFF084B073B43CC0816E66246A8
:10ADE000DB08520713436246D40880221203144240
:10ADF00007D0C808104204D15D460400FB0849078B
:10AE00000B435A0FDB005207DB081343FEE5002318
:10AE1000014A1C0013E5C046FF0700000A0030B5D8
:10AE2000134C530009030500090B00205B0DD20FE2
:10AE3000A34204DD0F48834202DD0F4BD01830BD22
:10AE40008020400301430D48C01A1F2808DD0C482C
:10AE5000C31AD9400B005842002AF0D11800EEE77F
:10AE6000084CC540A446634499400B002B43F2E7CD
:10AE7000FE0300001D040000FFFFFF7F33040000FD
:10AE800013040000EDFBFFFF70B5002816D0C317B8
:10AE9000C5185D40C40F280000F04CF8114A121A82
:10AEA0000A2816DC03002E0015339E400B23181AC7
:10AEB000C54052052D032D0B530D03E00024002344
:10AEC000002500261B052B43E4072343300019000F
:10AED00070BD0B38854052052D0300262D0B530DF8
:10AEE000F0E7C0461E04000010B5041E10D000F0AC
:10AEF00021F80F4B1B1A0A2811DC0B222100121A11
:10AF0000D14015300A035B058440120B5B0D01E054
:10AF1000002300221B0513432000190010BD22004E
:10AF20000B3882405B0512030024120B5B0DF1E726
:10AF30001E0400001C2101231B04984201D3000CB5
:10AF400010391B0A984201D3000A08391B0998429C
:10AF500001D30009043902A2105C40187047C046B2
:10AF600004030202010101010000000000000000D2
:10AF7000F0B557464E464546DE46E0B50F0019008F
:10AF8000002306009846100083B0002F07DA330034
:10AF90003C0000275E42A74101235B4298460029FE
:10AFA00007DA4346DB430C00984603000021584271
:10AFB000A14134003D0082468946B9426AD867D033
:10AFC0004946504600F0BAF883463900300000F098
:10AFD000B5F85B461B1A9C46203B9B466BD45846F3
:10AFE0005146814060460B00514681400A00BB42F9
:10AFF00000D972E0BB4200D179E034003D005946EF
:10B00000A41A9D41002900DA74E0002100200126E5
:10B010000090019159468E400196614601268E406E
:10B020006146009600295FD0D90756080E435F0895
:10B030006146012200230CE0AF4201D1A6420AD8AA
:10B04000A41BBD4124196D410139A4185D4100299B
:10B0500006D0AF42F0D9013924196D410029F8D149
:10B06000009801995B4600196941002B4DDB2E00C9
:10B070002C00DE406346DC405B46002B55DB340091
:10B080009C4023006446A6403200801A994103E0A8
:10B09000B04295D9002000214346002B04D0030084
:10B0A0000C0000215842A14103B0F0BCBB46B2469F
:10B0B000A946A046F0BD624648462023514690402E
:10B0C0009B1AD94003000091009960460B435146FA
:10B0D00081400A00BB4200D88CE70021002000908C
:10B0E0000191614600299FD100980199D4E7B142AE
:10B0F000F3D882E7614620260127761A0020002136
:10B10000F74000900191019787E7624620239B1A40
:10B110002A009A40260013006246D6402C001E43A7
:10B120006346DC405B46002BA9DA624620233500EB
:10B1300094409B1ADD4023002B43A3E710B5002960
:10B1400003D1FFF7F7FE203002E00800FFF7F2FE20
:10B1500010BDC04670B50400830716D102680E4BBF
:10B160000E4DD31893432B420FD142680A4B043043
:10B17000D31893432B4208D14268074B0430D318AD
:10B1800093432B42F1D000E001300378002BFBD138
:10B19000FDF734F8200070BDFFFEFEFE8080808049
:10B1A0004131004438003F002D2D2D004E4F5000FE
:10B1B0004F4646004D4F20545520574500534F20D1
:10B1C0004D4F20545500546F6666444154454C43DE
:10B1D000442042555A5A54494D4552535420005F19
:10B1E0000047414D45004F564552004E4F5445448F
:10B1F00041544554494D454D41524B4536422053EB
:10B2000055475200415343205054202044264920A2
:10B2100052554C4546495420534554200043414C17
:10B2200043434D44205241434B54544F5043505597
:10B23000204D45442000202020200020203A2020BE
:10B24000006341007500752700762700647800646C
:10B250007600E90028002900C0002A002F00BF0066
:10B26000655E006C6E006173696E0061636F7300F0
:10B270006174616E006173696E680061636F736809
:10B28000006174616E6800576869746520736C634F
:10B290000057686F6C6520736C6300546F61737442
:10B2A00020736C6300426167756574746520353086
:10B2B000670043726F697373616E740042756E2F1D
:10B2C000526F6C6C00507265747A656C00506173DB
:10B2D0007461203135306700526963652031353043
:10B2E000670043757363757320313530670051759E
:10B2F000696E6F612031353067004E6F6F646C6529
:10B300002031353067005269736F747420313530E5
:10B310006700426F696C6564204D004D617368651C
:10B3200064203135306700467269657320313030F2
:10B330006700576564676573203130306700537765
:10B34000656574204D0053616C6164203135306750
:10B35000004F617473203135306700466C616B6556
:10B360007320333067004D7565736C692035306725
:10B37000004772616E6F6C612035306700417070FC
:10B380006C650042616E616E61004F72616E67654F
:10B3900000506561720050656163680053747261AA
:10B3A0007773203135306700426C7565422031304B
:10B3B0003067004772617065732031303067004B31
:10B3C000697769004D616E676F20312F32005069D7
:10B3D0006E65732031303067004D656C6F6E2032C2
:10B3E00030306700446174657320337063005261CC
:10B3F0006973696E20317473700041707269636F94
:10B40000742034706300436172726F747320313042
:10B4100030670050656173203130306700436F72D0
:10B420006E2031303067004C656E74696C7320316A
:10B4300035306700432D506561732031353067002A
:10B440004265616E7320313530670042726F63630D
:10B450006F6C69203230306700546F6D61746F001B
:10B460004D696C6B203230306D6C00596F677572AE
:10B4700074203135306700596F677572744620311A
:10B4800035306700436F747461676520313530670C
:10B4900000436865657365203530670053746561E6
:10B4A0006B203230306700436869636B656E203211
:10B4B00030306700506F726B203230306700466961
:10B4C000736820313530670053616C6D6F6E2031C9
:10B4D00035306700536175736167652031706300B3
:10B4E00053616C616D69203530670050697A7A610B
:10B4F0002031736C00427572676572004368656540
:10B500007365627572676572004E756767657473FF
:10B5100020367063004B65626162203170630048C1
:10B520006F7420446F6720317063005461636F2033
:10B530003170630043686970732033306700506571
:10B54000616E757473203330670057616C6E75746B
:10B55000732033306700416C6D6F6E64732033303D
:10B560006700506F70636F726E20333067004372F4
:10B5700061636B6572203330670043686F636F20CF
:10B580003330670047756D6D69732035306700494A
:10B59000636553636F6F7000436F6F6B6965203134
:10B5A0006C670043616B652031736C00446F6E758E
:10B5B000742031706300486F6E6579203174627356
:10B5C0007000436F6C6120302E33334C004A756934
:10B5D000636520302E324C00456E657267792030ED
:10B5E0002E32354C0049636554656120302E33336B
:10B5F0004C004265657220302E33334C0042656545
:10B600007220302E354C0057696E654472792030B7
:10B610002E324C0057696E655320302E324C004359
:10B620006F636B7461696C0042524541440047523C
:10B6300041494E005350554400435245414C004649
:10B640005255495400564547004D494C4B004D4119
:10B65000494E004A554E4B00534E41434B00535701
:10B6600045455400534F465400414C430050504709
:10B6700000484E4C00414E43004C41580044454E5A
:10B6800000434849004E59430053434C0052494F30
:10B69000005347530050444C004C4F4E0050415211
:10B6A00000434149004D534B00445842004B484928
:10B6B0000044414300424B4B00484B470054594F14
:10B6C00000535944004E4F5500574C47004A414ED5
:10B6D00000464542004D415200415052004D4159F3
:10B6E000004A554E004A554C0041554700534550BD
:10B6F000004F4354004E4F5600444543006E3241C4
:10B70000005357500041326100613241002B2B0041
:10B7100025003C3C6E003E3E6E0026007C007E0014
:10B720004A5A004F555400505345004A5000454E68
:10B730004400544153005743412D47530045544161
:10B7400000414C540044455343454E540046554532
:10B750004C004F434300554E4954004D495343005C
:10B7600049415300485B66745D0057535B6B745DE1
:10B770000047535B6B745D00494E505554004E4D6D
:10B780000041540046425B67616C5D0054494D4581
:10B790005B685D004750480047414C004549415BAC
:10B7A00066745D00514E485B48675D004F41545BD5
:10B7B000435D0050415B66745D0044415B66745DAF
:10B7C0000054415B66745D00544F445B4E4D5D0018
:10B7D000524F445B66706D5D0046525B4E4D5D009E
:10B7E000446F66660044666C6F776E004472656DE8
:10B7F00061696E006C3E67616C0067616C3E6C0055
:10B80000433E4600463E43006B673E6C6273006CED
:10B8100062733E6B6700636D3E696E00696E3E63E6
:10B820006D006D3E66740066743E6D006D2F733E54
:10B8300066706D0066706D3E6D2F73006B6D3E73AC
:10B840006D00736D3E6B6D006B6D3E6E6D006E6DC9
:10B850003E6B6D006E6D3E736D00736D3E6E6D00E0
:10B860004D4F00544800465200534100535500705C
:10B8700060FF7061FF7062FF7063FF7064FF70654E
:10B88000FF705BFF705AFF700A030004080FFF701F
:10B890000A030004080EFF700A00000500080FFFED
:10B8A000700A00000500080EFF705CFF705DFF70FD
:10B8B0005EFF705FFF705F5CFF705D5EFF74167807
:10B8C000160C700E06000EFF70740FFF7C780FFFD1
:10B8D00080840EFF70740D7C3C0F060006070A0181
:10B8E000020FFF7C3C780E060006070A01020E06D6
:10B8F000000FFF741002090A09020C010000000E7B
:10B90000700CFF7C0500000F1001050C10780C0175
:10B9100002000E7C0CFF7C0500000F1001050C10CE
:10B92000780C000A0000040E010C700CFF70060079
:10B930000E740FFF783B740E700F3DFF7C17700E76
:10B940007817740E0CFF74010A02040E78010200CD
:10B950000E0C010800000D05000000000F010C7026
:10B960000EFF0000000003020500030501040602AB
:10B9700004030405000102004DB2000014B70000EA
:10B9800044B2000050B2000046B2000049B20000CC
:10B990004CB200004FB20000A1B10000CCB30000D7
:10B9A00052B2000007B70000AAB1000054B2000074
:10B9B00056B2000058B200000EB70000AAB1000055
:10B9C0005AB200005CB2000061B200005EB200003A
:10B9D00060B2000063B2000067B200006CB2000009
:10B9E00071B2000066B200006BB2000070B20000DD
:10B9F00076B200007CB2000082B2000075B2000096
:10BA00007BB2000081B2000001131D0E010F12165F
:10BA10000E091201150A0F000113230E010F121651
:10BA20000E01150A12090F0001131C0E010F111649
:10BA30000E091201150A0F000113220E010F121632
:10BA40000E01150A11090F0001131E0E010F120B32
:10BA500013180E091101150A0F000113240E010F0E
:10BA6000110B13180E091201150A0F000113180EFD
:10BA7000010F1201000313041210051304000E013C
:10BA8000150E0211090F0F140E0211090F000E0CF2
:10BA900015010F14180E0C0F000D1A0E010F0010D7
:10BAA000030E040F1308000D180E1A0E010F0F00DD
:10BAB000180E200E010F0F0028B600002EB6000051
:10BAC00034B6000039B600003FB6000045B60000AD
:10BAD00049B600004EB6000053B6000058B600004C
:10BAE0005EB6000064B6000069B60000CF3000000A
:10BAF000BD300000AB3000009930000087300000FE
:10BB00007530000063300000513000003F3000000D
:10BB10002D300000013000003D030000F52600003C
:10BB200059280000DD25000059270000BD15000040
:10BB3000B926000055160000912200008122000065
:10BB4000D515000051250000452800000D250000F6
:10BB50002D280000852600009D260000ED20000015
:10BB60003916000065070000A915000075150000D2
:10BB7000611500003915000005150000092F0000AF
:10BB800071070000B107000055070000A122000066
:10BB9000D11400009514000071140000C1070000CA
:10BBA0003D030000E1070000C52A0000452A00000F
:10BBB00079210000D129000031290000C9200000AE
:10BBC00061140000F1070000C1090000A509000090
:10BBD000510A0000810A0000A10A00001D090000AE
:10BBE0002D090000ED080000390A00008D09000051
:10BBF0003D09000071090000010A00001D0A000053
:10BC000005090000E9090000C5090000690A0000F3
:10BC10001D230000D5090000DD240000AD24000034
:10BC20005909000091240000ACB10000FDB60000ED
:10BC300001B7000005B7000009B700000DB700000C
:10BC4000A9B100000EB70000AAB100005AB200006E
:10BC50005CB2000010B7000012B7000016B7000079
:10BC60001AB700001CB700001EB7000061B2000048
:10BC700020B7000023B7000050B6000027B700002F
:10BC80002BB700002EB700000D0914160E09120183
:10BC9000150A0F000914160E01150A12090F0009E2
:10BCA00014160E091201150A0F000914160E0115BB
:10BCB0000A11090F0009140E091101150A0F0009D4
:10BCC000140E091201150A0F00050E040F130600C9
:10BCD0000D190E010F0009140100021301150E02C7
:10BCE00012090F0005130411031306000E0C1501B1
:10BCF0000F13180E0C0F000E051304120313060F7A
:10BD00001404150A001A0E010F00200E010F000E78
:10BD100009141A0E010F0F150A000E09140E200E39
:10BD2000010F0F150A00000060B80000C3B1000049
:10BD3000BAB1000063B8000066B8000069B800003E
:10BD40006CB80000591F0000F91E0000991E000089
:10BD50001D1E0000B51D0000311D0000F11C00007B
:10BD6000811B0000C51A000032B7000036B7000082
:10BD70003DB7000041B7000045B700004DB70000D7
:10BD800052B7000056B700005BB7000060B7000074
:10BD900032B700000000001064B700000700001078
:10BDA0006AB700000A00001071B7000078B7000001
:10BDB0007EB7000060B6000081B700003DB700000C
:10BDC00084B700008CB7000094B7000098B700005B
:10BDD0009CB70000A4B70000ACB70000B3B70000E8
:10BDE000BAB70000C1B7000010000010C8B70000CB
:10BDF000D0B70000D9B70000E0B70000E5B70000F9
:10BE0000ECB7000012000010F4B70000FAB7000011
:10BE100000B8000004B8000008B800000FB8000027
:10BE200016B800001CB8000022B8000027B80000B7
:10BE30002CB8000034B800003CB8000042B8000044
:10BE400048B800004EB8000054B800005AB80000CE
:10BE500000030C0F30333C3FC0C3CCCFF0F3FCFFEA
:10BE60001D0E010F00230E010F001C0E010F0022FA
:10BE70000E010F001E0E010F00240E010F00030E15
:10BE8000040F00170100180E010F00000313060035
:10BE900001150200031304000C1501000314040033
:10BEA000190E010F001F0E010F00030E040F1306E1
:10BEB0001307001B0E010F00210E010F00FFFFFFF3
:10BEC000FFFFFFFFFFFFFFFFE7E7FFFFFFFFF9F9BE
:10BED000FFFF9F9FFFFFF9F9E7E79F9FFFFF9999FA
:10BEE000FFFF9999FFFF9999E7E79999FFFF8181F2
:10BEF000FFFF8181FFFF8181E7E78181FFFF818172
:10BF000099998181FFFF818181818181FFFF8199E1
:10BF1000BDBD9981FFFF818D8DB1B181FFFF81BDD5
:10BF2000BDB1B181FFFF81BDBDBDBD81FFFF81A955
:10BF300095A99581FFFFD5ABD5ABD5ABFF00000030
:10BF4000000000002F00000007000700147F147F8E
:10BF5000142E2A7F2A3A2313086462364955225048
:10BF6000000B070000001C2241000041221C0014AD
:10BF7000083E081408083E08080058380000080861
:10BF8000080808006060000020100804027F41419A
:10BF9000417F40427F4040794949494F41494949A1
:10BFA0007F0F08087F084F494949797F49494978F7
:10BFB000030101017F7F4949497F0F4949497F00BA
:10BFC00036360000005B3B000008142241001414C8
:10BFD0001414140041221408030159090F7B4979F4
:10BFE000417F7F0909097F7F49494F787F4141415E
:10BFF000407F4141633E7F494949417F0909090129
:10C000007F414949797F0808087F41417F4141606C
:10C010004141417F7F08080F787F404040407F01C9
:10C020000F017F7F0204087F7F4141417F7F090923
:10C03000090F7F4171417F7F0909794F6F49494954
:10C040007B01017F01017F4040407F1F2040201F76
:10C050007F4078407F63140814634F4878484F61ED
:10C0600051494543007F414100020408102000412E
:10C07000417F000402010204404040404022272248
:10C080007222705454547C7F4444447C7C44444425
:10C09000407C4444447F7C5454541C00047F05017C
:10C0A0001C5454547C7F0404047C40447D40406014
:10C0B00040447D007F10101C70007F4040007C04D5
:10C0C0001C047C7C0404047C7C4444447C7C242448
:10C0D000243C3C2424247C7C0404040C5C545454F0
:10C0E0007400047F44407C4040407C047C20100C61
:10C0F0007C4070407C44247C48441C5050507C441C
:10C1000064544C44087F41410000007F000000411E
:10C11000417F081C041C101CFFF7E3C1FF7F415D39
:10C12000417F7F5B415F7F7F4555517F7F55554103
:10C130007F7F7177417F7F5155457F7F4155457F97
:10C140007F797D417F7F4155417F7F5155417F7F81
:10C150004175417F7F4155417F7F415D5D7F7F41DB
:10C160005D637F7F4155557F7F4175757F7C1514D9
:10C17000157C705554557C7C1715177C7457555792
:10C180007C7F097F494974547C545C7C4544457CE0
:10C19000784A484A787C0911217C780A0A0A787C16
:10C1A0004140417C784240427860404D48787C4430
:10C1B0004438447F0105273C60584658607C44471A
:10C1C0007D017E50101E10067E027E02775D494181
:10C1D000637C44447C043E4949493E5F7101715F80
:10C1E000081C3E080808183F1808080C7E0C0808B0
:10C1F000083E1C083E060A122222120A063E3E3063
:10C20000282422222428303E081C3E7F00061E7E61
:10C210001E06303C3F3C30007F3E1C08143677360B
:10C2200014047E7F7E041C4963491C00227F220087
:10C2300010387C101F000705070008082A0808228C
:10C24000140814227F7F494941007F007F003E2867
:10C250003820202030282422087F01010360407FFD
:10C26000010344445F44447C7C54541C001D151756
:10C27000000404121F1045257D49451D5151517D73
:10C280001C221C221C505854525114741C17145157
:10C290005254585000005500004000400040001C1F
:10C2A000141C000000080000084C3E19087E7F7F27
:10C2B0007F7E7E7B7B7B7E7E7373737E7E63636318
:10C2C0007E7E4341437E3E2222223E3E3E3E3E3E15
:10C2D0001C3622361C1C3E3E3E1C74465F4674775C
:10C2E000415D41777C7E0F7E7C55015501551E5284
:10C2F00072521E3E2E3E3A3E03417F41037E435A18
:10C30000437E3E636F6B3E63554955637E4E4A4A9A
:10C310007C386C7F7C382A202A202A5555005555B8
:10C32000084C7F4C083E6322633E1708046A58009D
:10C330005F557D0023434843233E003E2A3A783030
:10C34000180C063E1C4840407800784B7B000000EB
:10C3500087B200000F00000091B200000C00000046
:10C360009BB200000C000000A5B200001900000004
:10C37000B2B2000019020000BCB200001E000000B2
:10C38000C5B2000023000000CDB200002D00000067
:10C39000D8B200002D000000E2B20000230000002F
:10C3A000EEB200001E010000FAB2000028000000FA
:10C3B00006B300002802000012B300000F000000C6
:10C3C0001BB300001401000027B30000230200008B
:10C3D00032B30000190100003EB300001900000054
:10C3E00046B300001902000051B30000190000001C
:10C3F0005BB300001900000066B300001E010000DE
:10C4000071B30000230200007DB300000F000000A4
:10C4100083B30000140000008AB300000C00000089
:10C4200091B300000F00000096B300000A00000066
:10C430009CB300000A000000A8B300000C0000003C
:10C44000B3B3000010000000BFB300000A000000FA
:10C45000C4B300000F000000CEB300000C000000C9
:10C46000D9B300000F000000E4B300000F0000008B
:10C47000EEB300000A000000FAB300000F00000055
:10C4800006B400000700000013B400000C00000018
:10C490001DB400000F00000027B4000014010000CC
:10C4A00034B400001901000040B400001401000081
:10C4B0004BB400000600000059B400000500000065
:10C4C00060B400000A0100006BB400000701000026
:10C4D00077B400001401000084B4000005020000DD
:10C4E00091B40000010300009CB4000000040000AF
:10C4F000A7B4000000020000B4B400000004000073
:10C50000BEB4000000020000C8B400000004000037
:10C51000D4B4000001030000E0B4000000040000F7
:10C52000EBB4000019020000F5B400002303000082
:10C53000FCB400002304000009B500000F02000055
:10C5400015B50000320500001FB5000019030000FA
:10C550002BB500000F01000034B500000F020000F1
:10C560003EB50000050400004AB5000004050000C7
:10C5700056B500000504000062B50000140100007B
:10C580006EB50000140100007AB500000F03000032
:10C5900084B50000280000008FB500000F020000E5
:10C5A00098B5000014010000A3B5000023030000AB
:10C5B000ACB5000019020000B6B500000F00000085
:10C5C000C2B5000023000000CDB50000140000003B
:10C5D000D8B500001E000000E5B5000019000000FD
:10C5E000F2B500000C000000FDB5000012000000D4
:10C5F00007B600000200000014B600000F000000A3
:10C600001FB600001901000000070D1317262E3376
:10C610003A41474E5257FF00FF01FF02FF03FF045C
:10C62000FF05FF06FF07FF08FF09FF0AFF0BFF0CCE
:10C63000FF0DFF0EFF0FFF10FF11FF12FF13FF147E
:10C64000FF15FF16FF17FF18FF19FF1AFF1BFF1C2E
:10C65000FF1DFF1EFF1FFF20FF21FF22FF23FF24DE
:10C66000FF25FF26FF27FF28FF29FF2AFF2BFF2C8E
:10C67000FF2DFF2EFF2FFF30FF31FF32FF33FF343E
:10C68000FF35FF36FF120EFF14020F13FF15140EB5
:10C6900013FF01001539FF1009000C17FF123B159D
:10C6A000170FFF3E1009000CFF123710010C381550
:10C6B0000F1BFF121C0DFF1D1DFF140100140FFFA7
:10C6C00015121DFF420100000F0EFF420D150F0154
:10C6D00000000EFF12120023241026FF1312161062
:10C6E0000C020FFF1237010C380C14FF1312160C3A
:10C6F000020FFF123701100C380C14FF12461548B8
:10C700000FFF1212010C1510010C0F3814FF421DFF
:10C710000D012715010C121D0E0329010D0329011E
:10C720000D23281D1818FF121D4C2715121D0F155B
:10C73000010D121D0123281518FF072B010C072AD4
:10C74000181212082B0C082A1812120E052B0C05B1
:10C750002A18420E062B0C062A18092B0C092A1837
:10C76000072BFF072B010D072A181212082B150D96
:10C77000082A1812120E052B150D052A18420E064E
:10C780002B150D062A18092B150D092A18072BFF42
:10C79000001212121212052A18062A18072A18085F
:10C7A0002A18092A18FF082B072B0FFF51120E0712
:10C7B0002B0E10052B0C072B010D0F38FF062B0736
:10C7C0002B0E082B092B0E0D052B072B0E082B12F9
:10C7D0000E0D0F1212082B0E10092B0C072B0F1524
:10C7E000FF53400E0CFF010C121212121201020E26
:10C7F0001501000E160D160C14010D0E1514100265
:10C80000210E140C020F0CFF12401217153B400EA4
:10C810001D0EFF120E15120E124012400C381D0F85
:10C82000381B15FF030600000E0A0000010C12124F
:10C83000030600000F1C1512120329030600000E48
:10C840000D06000F1C154206000E0D0329030600FD
:10C85000000E0D01000000000F150100000F0C0C70
:10C8600001000000000E0A050C1C01000000000F72
:10C87000FF0A00000000010C121C15121203290D02
:10C880000100000E1C151203290D0100000E0229E3
:10C890000D0100000E06000F0C06000F0C01000039
:10C8A00000000E0A050C1C01000000000FFF020A28
:10C8B00005040EFF012D5A0FFF000A0602010307AF
:10C8C00001010EFF012D5C0FFF000A050309090598
:10C8D00006080EFF012D5E0FFF030A07080504017D
:10C8E00001080FFF012D600FFF010A080E03020C63
:10C8F000FF03020D010A080FFF020A0200040602EC
:10C9000002060EFF012D640FFF150100000F121D1E
:10C91000010C15391212010D150F150FFF15020F1D
:10C920001012120E400D3842420C1D0DFF42420FF4
:10C930001C0E0DFF120E10020F1302210E38160EE0
:10C94000FF1212120E0E0A00070E1015010A060E33
:10C95000100C13010C16FF2DFF2DFF2DFF2DFF2DA9
:10C96000FF2DFF2DFF2DFF2DFF2DFF2DFF2DFF2D67
:10C97000FF2DFF2DFF2DFF2DFF2DFF2DFF2DFF2D57
:10C98000FF2DFF2DFF2DFF2DFF2DFF2DFF2DFF2D47
:10C99000FF2DFF2DFF2DFF2DFF2DFF2DFF2DFF2D37
:10C9A000FF2D0209090709020405082DFF2D090AB8
:10C9B00008000606052DFF2D060A060704032D01B3
:10C9C000011011FF2D000A00020207010009052DC8
:10C9D000FF2D060A0002020104012D020311FF2DA2
:10C9E00001000907030703022DFF2D060A060206B0
:10C9F0000007002D03041011FF2D020A000607088E
:10CA000003042D01051011FF2D050A020901070776
:10CA1000022D01011011FF2D010A0308000604096F
:10CA20002D02031011FF2D080A0301040406032D33
:10CA3000FF2D09060408050A03032DFF2D02070335
:10CA40000A01052DFF2D0100010302052DFF2D0117
:10CA50000A0600020107072D01091011FF2D080A1F
:10CA60000805040108082D01021011FF2D010A021A
:10CA700005060603072D061011FF2D0307060A07FA
:10CA80000300032DFF2D010A0606000503092D02F0
:10CA9000071011FF2D020A0801070904002D0105E6
:10CAA0001011FF2D090A0100090308042D030110CC
:10CAB00011FF2D010A0607020602022D02071011BE
:10CAC000FF2D010A0607040902072D02071011FFB6
:10CAD0002D010A0808030503022D02081011FF2D7D
:10CAE000090A0207040001002D02041011FF2D05A0
:10CAF0000A0005000708042D02071011FF2D090A7E
:10CB00000208040706051002041011FF2D010A0493
:10CB100001000600072D02061011FF2D090A060666
:10CB2000020306051002071011FF2D040A04090074
:10CB30000404081002061011FF2D070A020907035A
:10CB400005042D031011FF2D050A06070003070435
:10CB50002D081011FF2D070A0704080009022DFFF8
:10CB60002D020A0607050202022D0811FF2D030AF5
:10CB70000704010707022D01061011FF2D010A0409
:10CB800003080707072D021011FF300000000031D5
:10CB900000000000320000000033000000003400FC
:10CBA00000000035000000003600000000370000E3
:10CBB0000000380000000039000000002E000000D6
:10CBC0000053554D00002B000000002D0000000018
:10CBD0002A000000002F000000004E4547000045DD
:10CBE00045000000445550000045585000004C4E90
:10CBF0000000005357415000494E560000434F5328
:10CC0000000044524F50004432520000523244005F
:10CC1000004154414E00494E540000524F54000010
:10CC2000434C4100004C535458004E414E44005078
:10CC30004900000045513000004C450000004946C5
:10CC4000000000454C5345005448454E00424547BE
:10CC50000000554E544C005049434B0053544F0074
:10CC60000052434C0000464E0000004E4F50000062
:10CC70004845580000534F4C5600494E544C00460E
:10CC80004E590000534C4F5000504C4F5400444FED
:10CC9000000000524E44000053484F570053515279
:10CCA0000000535152540050575200005031300090
:10CCB0000053494E000054414E00004153494E007C
:10CCC00041434F53004652414300524F5432004CAF
:10CCD0004F4700004F5645520025000000002543F5
:10CCE000484700414253000053494E480041534ECB
:10CCF0004800434F534800414353480054414E4875
:10CD00000041544E48005045524D00434F4D4200A3
:10CD1000532B000000532D00000053434C52004D94
:10CD200045414E0053444556004C520000004C52C1
:10CD300059000021000000005032520000523250D1
:10CD400000004832484D00484D3248004932434DBA
:10CD500000434D3249004B4D32530053324B4D008E
:10CD60004B4D324E004E324B4D004C324700004787
:10CD7000324C0000433246000046324300004B472D
:10CD8000324C004C324B47005056000000514500D9
:10CD900000004D4F4400005044460000434446000C
:10CDA00000464E410000464E420000464E43000001
:10CDB000464E440000464E4500004131000000420E
:10CDC00031000000433100000044310000004132D6
:10CDD00000000042320000004332000000443200F4
:10CDE00000004133000000423300000043330000E4
:10CDF00000443300000041340000004234000000D1
:10CE0000433400000044340000004135000000427B
:10CE10003500000043350000004435000000413675
:10CE20000000004236000000433600000044360097
:10CE30000000413700000042370000004337000087
:10CE40000044370000004138000000423800000074
:10CE500043380000004438000000636300000063B2
:10CE600067000000634700000063566D0000634EDA
:10CE70004100006352796400636800000063504819
:10CE800030006361300000636B00000063520000FB
:10CE900000634600000063740000006361746D006D
:10CEA00063650000006345300000636D300000637F
:10CEB0005A300000636D5500006372650000636DB9
:10CEC000650000636D700000636D6E0000636D6D42
:10CED0007500636D420000636D4E0000636D6D650B
:10CEE00000636D6D7000636D6D6E00636D6D6D0040
:10CEF000634100000063530000006347300000639B
:10CF000067616D006343310000634332000000013C
:10CF100002030405060708090A4E0C0D0E0F101136
:10CF20001238133A3916322D3B173C312D1D151886
:10CF30002D2D2D2A2B555658196163655A5D5F5466
:10CF4000534C2D302F2D36352C2C2C2C2C2D2D2EBA
:10CF5000342D33502D66672D2D2D3F2D5157591AE5
:10CF60006062645B5C5E524F4D20222345211F3777
:10CF700014414344292D3D3E1B2D2D40421E2D2D95
:10CF80002D1C6813181D2214191E23151A1F241690
:10CF90001B2025171C21261011121207040100085E
:10CFA00005020A0906030B0F0E0D0C00070008000E
:10CFB0000A0100020702080201000301090304023A
:10CFC00004020503050006645F503E2D1E12080092
:10CFD000CDB60000D1B60000D5B60000D9B600002D
:10CFE000DDB60000E1B60000E5B60000E9B60000DD
:10CFF000EDB60000F1B60000F5B60000F9B600008D
:10D0000020480900F003000009000E00140016017A
:10D0100065489100A30F0000120001000400000207
:10D02000694C0A001D1B00003500C6014F060A01AD
:10D030006542120034230000B9001806B60A100237
:10D0400020426A003B2A0000EA002D096810140300
:10D0500020437200EB2E0000E200EF0ECC1019040A
:10D06000204E7A00B73600007D003F004D001E05BF
:10D07000204F82007F3E00008F0036005A002206BB
:10D0800020468A00364A0000AA00350055002807CD
:10D09000654E9200D44E00005A0018001B00000894
:10D0A000614E0B00CE590000610073018404090138
:10D0B000674D1300F15E0000AE009B0353050D02A7
:10D0C0006C416B00666900000E01A503E80A1003BD
:10D0D00069537300B56D0000E9009706D20D130483
:10D0E00020507B00FE780000B6003D0129021605A5
:10D0F00020538300417D0000CF008401CD021A0639
:10D100006C438B007D8A00004101AC00EF002007DA
:10D11000724193000C9C0000B200540057000008BC
:10D12000204B0C00BA98000056005001080408017A
:10D13000614314008E9C00009A005B04DD060A0225
:10D1400063531C009CAF00002B011607250C0E0238
:10D1500069542400FBBA0000C2019507E80D0F02D4
:10D1600020562C00FEC6000063028708600E1002E5
:10D17000724334001CCB0000CB028408800B1101E9
:10D180006E4D3C009AD60000E802EF051E090F0222
:10D190006546440025DA0000130313073E0C120213
:10D1A0006F434C0035E600007A03E806800C13025A
:10D1B000694E540045E500007A03C006720C130264
:10D1C00075435C003AF8000080034D05130B130112
:10D1D0006E5A640064FF0000CA02B4029C0410028C
:10D1E00061476C005B1001004F022F01AD09120373
:10D1F00065477400B61B01001402BB04220C140422
:10D2000073417C00AA2401003C0242047703160506
:10D210006553840070340100E101EE01BE031A067B
:10D2200072428C002038010038010A014C011E07AF
:10D23000724B9400564701007501730077001E0879
:10D2400062520D00DC4D010099003801C103080154
:10D25000725315004456010008011A0477060A02A9
:10D2600020591D004A5B0100BF010707190E0C027F
:10D27000725A2500586401008C0250084A120D02AF
:10D28000624E2D00EA6A01005903BE0A991310018B
:10D290006F4D3500CE760100FE03500B30131601A2
:10D2A00063543D00D07E01007E047E09BA11130252
:10D2B00075524500CE8A0100D5042F0A4711160188
:10D2C00068524D00F9910100D904BD08800F160184
:10D2D00064505500B49F0100B2042407A40C16004A
:10D2E00067415D005CA501001A04D20483091301A3
:10D2F000644365001BB70100610352021004110270
:10D300006E496D0082C00100DB02AD0129091203E4
:10D310006E537500B6CF0100D802F9013B0B14041F
:10D3200062537D00A0DB01009C02870344071405C3
:10D330006554850070F201007002D202ED041506FA
:10D3400020498D00B8EF0100ED018201C9011B07E2
:10D3500065589500DD0002004D02A100A5001A08E5
:10D3600073430E0029070200BB002D01B003070123
:10D37000614216006F1802006701E8037A0809028B
:10D38000614C1E00991E02006702A904990E0B024F
:10D390006543060054230200A5022C04840E0B02F0
:10D3A000725006006B260200A502B804D10E0B02D3
:10D3B000644E060072330200BD021105130D0B020C
:10D3C0006D50060068360200D6022305C90C0B0218
:10D3D0006D530600584B0200F002410513080C0281
:10D3E000754506009C5102000C024B040A070C0212
:10D3F000644706004266020016033106DA0D0C028D
:10D4000062540600CD6C020037035D06AF0D0C02BE
:10D4100079440600C47A020057039006180B0C02E8
:10D420006F480600428402006F03C606B10B0C026F
:10D43000724506005B8D02008A030A07450C0C0248
:10D440006D540600E6930200A4031A07AF080D020C
:10D4500062590600FEA30200B2024904BD050B0298
:10D46000754C060076AB0200D80385075B0E0D02F3
:10D47000664826003AB902003305CA090C130D02AA
:10D4800061542E00D3C202008106DA0C63160F022B
:10D490002057360020CE020085076F0EC4161802F2
:10D4A00065523E005FD702003608830DED16130269
:10D4B000734F460016E70200D308EA0CA5141602C3
:10D4C00072494E00D9EE0200D0089F0A5D12160282
:10D4D000745056000CFA02006108F9070210160198
:10D4E00075415E00660103008A073905390C190190
:10D4F00067486600900F03004905EA0076021402AF
:10D500006C546E005F1E0300A1044102D20610039A
:10D5100062507600602903006E045802E607120488
:10D5200069427E0054300300D20320022D07140507
:10D530006F5086006830030098030F02D30414066E
:10D5400074418E00503403006C023F0262021607E1
:10D550006E52960030630300CD03CA00D300160854
:10D5600072460F0018670300BB002C01B6030701C9
:10D5700061521700D0720300F401CD03DA070902EB
:10D5800063411F00B8760300EF032B058F0D0B02DC
:10D5900068540700668A030094044308C5130D020B
:10D5A000615007007B86030001063107CC100F0293
:10D5B00020550700CCA1030067077D0534110E023A
:10D5C000704E0700C89D0300FD079503B1100E02C1
:10D5D0007550070020B90300C0079003AD0D0D0280
:10D5E0006D41070038B503005705A905400B0B0234
:10D5F0006D430700D8C4030047054D06370D0D02E3
:10D600006B420700D8C40300C605EB04540B0D029F
:10D610006643070078D40300E6059504CF060D02A3
:10D620007345070060D8030074036D04F5040D0210
:10D630006D460700E8EB0300CA03650400000D0215
:10D64000644D0700D0EF030006044C0400000D02F7
:10D650006F4E0700B8F30300DE034C0400000D0218
:10D66000724C070070FF030018066C0700000D03E2
:10D6700066522700F812040010096009A8160D026E
:10D6800062442F00E0160400720B0000000000024C
:10D690006753370098220400AC0D00000000000220
:10D6A00068423F00B01E0400740E0000000000023B
:10D6B00073484700C81A040004100000000000026C
:10D6C000744D4F00F03D04009C0E0000000000026D
:10D6D00073445700A8490400980DD007A00F00021A
:10D6E00067525F00904D0400360B000000000001FF
:10D6F0006E4367004859040042091B0154010002AF
:10D70000684E6F00305D04004006BC0278050003DF
:10D710006C467700E868040078055401A401000411
:10D72000634D7F00D06C04004605BC0278050005FF
:10D73000764C8700887804000A05BC024C04000679
:10D7400073548F00707C0400D002BC027003000789
:10D75000674F9700707C0400F401EB005E01000845
:10D76000206E6DB16A6B6C75696FAFB0B2B43F700B
:10D770007968B7717765727461736466677A786384
:10D7800076623F3F3F3F3FEF07030100C0000000CC
:10D7900000C000000000C0000000C0000000F00059
:10D7A0000000C0000000C00000C00000C0001DD587
:10D7B0001700C00000C00000C000C000F000000062
:10D7C000000000000011D51F00000000000000F064
:10D7D000000000000007C41F0000000000F000006F
:10D7E000000017D51D00000000F00000001FD51C30
:10D7F000000000F0000003C11F000000001FD51F43
:10D800000000000007D51F00010307F7E0C08000FB
:10D8100003000000000300000000030000000300FC
:10D8200000000F00000003000000030000030000E0
:10D830000300E8ABB800030000030000030003008E
:10D840000F0000000000000000A8ABF8000000007E
:10D850000000000F00000000003823F80000000066
:10D86000000F00000000B8ABE8000000000F00004F
:10D8700000F8ABE00000000F0000180BF8000000FB
:10D8800000F8ABF80000000038ABF80080C0E00002
:10D890007EBE0000C9BC00008BBE000094BE00002C
:10D8A000E4BC00008BBE00009CBE0000F7BC000082
:10D8B0008BBE00008CBE00008BBE000075BA00005D
:10D8C000AABE00008BBE00009FBA000090BE000000
:10D8D000DABC00007EBA000098BE0000ECBC00007C
:10D8E0008EBA000083BE000083BE000083BE00002D
:10D8F00086BE0000D6BC00006CBA0000A0BE0000CE
:10D9000005BD000099BA000005BD0000D0BC0000B4
:10D91000A0BE0000B3BE00000FBD0000A7BA00000B
:10D920006ABE00009FBC000028BA000060BE000074
:10D9300088BC000008BA000074BE0000B5BC00003E
:10D9400048BA0000A5BE00000ABD00000ABD0000E4
:10D950000ABD0000A5BE0000A5BE0000B8BE0000C4
:10D960001ABD0000B0BA00006FBE0000AABC0000E3
:10D9700038BA000065BE000094BC000018BA000070
:10D9800079BE0000BFBC00005ABA0000D9300000C8
:10D99000C7300000B5300000A33000009130000017
:10D9A0007F3000006D3000005B3000004930000027
:10D9B0003730000025300000511900002D190000FB
:10D9C000451900009D180000651800004D18000062
:10D9D000D518000031180000A91700003D03000011
:10D9E0003D030000F92800003D0300003D03000056
:10D9F0003D030000D92200003D0300003D0300006C
:10DA00003D0300003D030000DD280000AD280000BC
:10DA10003D0300003D0300003D0300003D03000006
:10DA200095170000811700006DB6000071B6000068
:10DA300075B6000079B600007DB6000081B6000022
:10DA400085B6000089B600008DB6000091B60000D2
:10DA500095B6000099B600009DB60000A1B6000082
:10DA6000A5B60000A9B60000ADB60000B1B6000032
:10DA7000B5B60000B9B60000BDB60000C1B60000E2
:10DA8000C5B60000C9B600002024282C383C40440C
:10DA9000484C0207020802010003010903040204C2
:10DAA00002050305000625730D0A0D0A0025730DF6
:10DAB0000A00444D5F53444B3E20000006A3000083
:10DAC000C4A20000C4A20000C0A20000CAA20000BC
:10DAD000CAA20000D6A50000C0A20000CAA2000091
:10DAE000D6A50000CAA20000C0A200006AA50000DE
:0CDAF0006AA500006AA5000040A6000026
:08DAFC0074D4FF7F010000005B
:10DB04005743415BB85D00B8430057415BB85D00C3
:10DB1400B8004F43435BB85D0000000064000000A0
:10DB24006400000040090101010100002800000018
:10DB34000101013CE1AC0A0000000000000000000B
:10DB440000000000000000000000000000000000D1
:10DB540000000000000000000000000000000000C1
:10DB640000000000000000000000000000000000B1
:10DB740000000000000000000000000000000000A1
:10DB84000000000000000000000000000000000091
:10DB94000000000000000000000000000000000081
:10DBA4000000000000000000000000000000000071
:10DBB4000000000000000000000000000000000061
:10DBC4000000000000000000000000000000000051
:10DBD4000000000000000000000000000000000041
:10DBE4000000000000000000000000000000000031
:10DBF4000000000000000000000000000000000021
:10DC04000000000000000000000000000000000010
:10DC14000000000000000000000000000000000000
:10DC240000000000000000000000000000000000F0
:10DC34000000000000000B0B0B050000FFFFFFFFBE
:04DC44004D0000008F
:00000001FF
